Year,Rank,Rank_Min,Rank_Max,Rank_Avg,Location,School_Name,學校,Overall,Academic Reputation,Employer Reputation ,Faculty Student,Citations per Faculty ,International Faculty ,International Students,total students,international students,Total faculty staff,International Faculty staff,Domestic staff
2022,1,1,1,1,United States,Massachusetts Institute of Technology (MIT),,100,100,100,100,100,100,91.4,11333 ,3730 ,3065 ,1726 ,1339 
2022,2,2,2,2,United Kingdom,University of Oxford,,99.5,100,100,100,96,99.5,98.5,20889 ,8442 ,6708 ,3097 ,3611 
2022,3,3,3,3,United States,Stanford University,,98.7,100,100,100,99.9,99.8,67,16164 ,3879 ,4725 ,2266 ,2459 
2022,3,3,3,3,United Kingdom,University of Cambridge,,98.7,100,100,100,92.1,100,97.7,20383 ,7925 ,5800 ,3011 ,2789 
2022,5,5,5,5,United States,Harvard University,,98,100,100,99.1,100,84.2,70.1,23663 ,5877 ,4646 ,1524 ,3122 
2022,6,6,6,6,United States,California Institute of Technology (Caltech),,97.4,96.7,89.9,100,100,99.4,87.7,2237 ,692 ,968 ,410 ,558 
2022,7,7,7,7,United Kingdom,Imperial College London,,97.3,98.4,99.8,99.8,88.1,100,100,18318 ,11143 ,3970 ,2203 ,1767 
2022,8,8,8,8,Switzerland,ETH Zurich - Swiss Federal Institute of Technology,,95.4,98.7,95.3,80.4,99.8,100,98.2,19423 ,7733 ,2719 ,2063 ,656 
2022,8,8,8,8,United Kingdom,UCL,,95.4,99.4,98.9,99,78,99.5,100,36903 ,21824 ,7195 ,3304 ,3891 
2022,10,10,10,10,United States,University of Chicago,,94.5,99.2,93.5,95.5,90.6,71.9,84.9,15804 ,4696 ,2703 ,835 ,1868 
2022,11,11,11,11,Singapore,National University of Singapore (NUS),,93.9,99.6,97.1,86.8,90.6,100,70.3,30312 ,7551 ,4288 ,2804 ,1484 
2022,12,12,12,12,Singapore,"Nanyang Technological University, Singapore (NTU)",,90.8,91.1,85,89.5,95.5,100,69.6,24651 ,6091 ,3812 ,2589 ,1223 
2022,13,13,13,13,United States,University of Pennsylvania,,90.7,96.2,93.8,100,74,94.1,58.1,21313 ,4636 ,5154 ,2009 ,3145 
2022,14,14,14,14,Switzerland,EPFL,,90.2,82.4,79.7,94.8,99.8,100,100,10478 ,6426 ,1767 ,1418 ,349 
2022,14,14,14,14,United States,Yale University,,90.2,99.9,100,100,59.9,87.9,69.8,9420 ,2537 ,5391 ,1847 ,3544 
2022,16,16,16,16,United Kingdom,The University of Edinburgh,,89.9,98,97.3,83.5,69.5,99.3,99.6,32799 ,14637 ,4734 ,2142 ,2592 
2022,17,17,17,17,China (Mainland),Tsinghua University,,89,98.6,97.6,90.6,96,15.3,26.3,39371 ,5420 ,6174 ,430 ,5744 
2022,18,18,18,18,China (Mainland),Peking University,,88.8,99.4,98.2,83.5,89.5,45.6,38.5,31990 ,5436 ,5302 ,1207 ,4095 
2022,19,19,19,19,United States,Columbia University,,88.7,99.6,98.4,100,55.6,52.7,98.4,27321 ,11252 ,7087 ,2482 ,4605 
2022,20,20,20,20,United States,Princeton University,,88.6,99.9,99.2,68.7,100,28.1,63.2,8305 ,1912 ,1050 ,92 ,958 
2022,21,21,21,21,United States,Cornell University,,88.3,98.4,93.9,61.3,98.9,75.6,66.1,23890 ,5675 ,2843 ,589 ,2254 
2022,22,22,22,22,Hong Kong SAR,The University of Hong Kong,,86.3,97.9,73.1,85.4,62.1,100,98.9,19986 ,8311 ,2944 ,2054 ,890 
2022,23,23,23,23,Japan,The University of Tokyo,,86.2,100,99.6,92.4,79,3.3,28.5,27704 ,3983 ,4473 ,301 ,4172 
2022,23,23,23,23,United States,University of Michigan-Ann Arbor,,86.2,98.6,93,90.2,70.5,63.4,34.9,45651 ,7341 ,7132 ,1921 ,5211 
2022,25,25,25,25,United States,Johns Hopkins University,,85.9,87.6,51.6,100,89.9,55.1,91.7,15310 ,5070 ,4855 ,1215 ,3640 
2022,26,26,26,26,Canada,University of Toronto,,85.3,99.5,98.2,69.4,58.8,98.6,94.9,77710 ,27536 ,9881 ,4248 ,5633 
2022,27,27,27,27,Canada,McGill University,,84,92.5,94.4,73.3,65.5,92.2,96.6,29066 ,10827 ,3876 ,1413 ,2463 
2022,27,27,27,27,Australia,The Australian National University,,84,94.6,79.3,44.4,95.4,100,98.8,16139 ,6496 ,1763 ,1023 ,740 
2022,27,27,27,27,United Kingdom,The University of Manchester,,84,95.2,98,72.5,58.1,94,99.3,37474 ,16079 ,4889 ,1839 ,3050 
2022,30,30,30,30,United States,Northwestern University,,82.8,84.4,74.7,99.3,87.1,30,49.6,19534 ,3846 ,3652 ,695 ,2957 
2022,31,31,31,31,China (Mainland),Fudan University,,82.6,84.8,89.1,91.5,71.1,93.3,45.5,28454 ,5322 ,4526 ,1683 ,2843 
2022,32,32,32,32,United States,"University of California, Berkeley (UCB)",,82.5,100,100,23.3,99.9,95.4,55.3,41043 ,9428 ,3701 ,1435 ,2266 
2022,33,33,33,33,Japan,Kyoto University,,82.3,98.7,97.8,96,60.3,5.4,22.7,22608 ,2863 ,3911 ,359 ,3552 
2022,34,34,34,34,Hong Kong SAR,The Hong Kong University of Science and Technology,,82.2,84.2,60.7,64.8,98.2,100,89.2,9583 ,3033 ,1173 ,893 ,280 
2022,35,35,35,35,United Kingdom,King's College London,,82,88.9,86.2,83.4,53.9,99.2,100,29238 ,15075 ,4216 ,1885 ,2331 
2022,36,36,36,36,South Korea,Seoul National University,,81.7,98.3,96.5,83.9,75,4,8.9,26646 ,1914 ,3859 ,298 ,3561 
2022,37,37,37,37,Australia,The University of Melbourne,,81.4,98.9,97.3,19.9,89.7,97.1,99.9,46281 ,21840 ,3660 ,1485 ,2175 
2022,38,38,38,38,Australia,The University of Sydney,,80.4,96.8,95.4,20.9,87.9,100,100,45678 ,25940 ,3571 ,1813 ,1758 
2022,39,39,39,39,Hong Kong SAR,The Chinese University of Hong Kong (CUHK),,80.3,88.8,56.7,62.6,83.2,100,91.8,18297 ,6062 ,2201 ,1164 ,1037 
2022,40,40,40,40,United States,"University of California, Los Angeles (UCLA)",,79.7,100,99.9,42.5,90.5,28.9,26.7,44287 ,6140 ,4487 ,847 ,3640 
2022,41,41,41,41,South Korea,KAIST - Korea Advanced Institute of Science & Technology,,79.1,87.5,83.1,73.1,98.8,8.5,12,9965 ,869 ,1307 ,149 ,1158 
2022,42,42,42,42,United States,New York University (NYU),,78.9,95.9,98.6,96.6,27.7,14.6,95.6,44800 ,16218 ,7874 ,1132 ,6742 
2022,43,43,43,43,Australia,The University of New South Wales (UNSW Sydney),,77.7,90.4,94.4,15.2,93.5,100,99.8,45983 ,21603 ,3219 ,1819 ,1400 
2022,44,44,44,44,France,Universit? PSL,,77.6,75.8,95.9,99.9,55.1,57.5,70.5,19725 ,4922 ,3914 ,1000 ,2914 
2022,45,45,45,45,China (Mainland),Zhejiang University,,77.4,71.2,91.5,88,69,98.5,63,39936 ,9177 ,6065 ,2602 ,3463 
2022,46,46,46,46,Canada,University of British Columbia,,77.1,97.6,94.2,52.7,46.8,89.1,79,55924 ,15399 ,6201 ,2159 ,4042 
2022,47,47,47,47,Australia,The University of Queensland,,76.6,88.2,80.2,25.4,89.4,100,100,41700 ,22241 ,3513 ,2137 ,1376 
2022,48,48,48,48,United States,"University of California, San Diego (UCSD)",,76.1,91,61.1,62.6,78.4,39.2,61.8,37787 ,8567 ,4545 ,973 ,3572 
2022,49,49,49,49,France,Institut Polytechnique de Paris,,75.9,44.8,98.6,99.6,91.6,94.3,98.1,6104 ,2413 ,1057 ,400 ,657 
2022,49,49,49,49,United Kingdom,The London School of Economics and Political Science (LSE),,75.8,72.4,99.2,45,87.8,100,100,11309 ,8274 ,1172 ,740 ,432 
2022,50,50,50,50,China (Mainland),Shanghai Jiao Tong University,,75.6,83.4,86.7,55.2,95.6,25,36.3,38740 ,6371 ,4386 ,491 ,3895 
2022,50,50,50,50,Germany,Technical University of Munich,,75.6,84.5,97.6,94.5,27.2,56.9,91.2,34130 ,11447 ,6663 ,1694 ,4969 
2022,52,52,52,52,United States,Duke University,,75.2,86.9,81.8,100,45.4,57.4,0,15969 ,3445 ,5673 ,0 ,5673 
2022,53,53,53,53,United States,Carnegie Mellon University,,74.6,72.7,75,55,99.9,34.6,99.1,13577 ,5739 ,1534 ,275 ,1259 
2022,53,53,53,53,Hong Kong SAR,City University of Hong Kong,,74.6,59.4,33,89.7,96.5,100,99.9,9564 ,5188 ,1483 ,1186 ,297 
2022,55,55,55,55,Netherlands,University of Amsterdam,,73.8,83.1,55.6,33.6,99.5,88.7,72.9,30541 ,7969 ,2829 ,980 ,1849 
2022,56,56,56,56,Japan,Tokyo Institute of Technology (Tokyo Tech),,73.5,74.6,91.1,87.6,71.1,13.7,36.2,9878 ,1622 ,1492 ,209 ,1283 
2022,57,57,57,57,Netherlands,Delft University of Technology,,73.1,71.9,87.9,41.8,87.8,100,85.9,20273 ,6104 ,2041 ,1035 ,1006 
2022,58,58,58,58,Australia,Monash University,,72.2,88.9,87.2,13.9,73.9,100,100,56812 ,31049 ,3852 ,2213 ,1639 
2022,60,60,60,60,United States,Brown University,,71.3,58.1,56.3,83.2,94.5,78.2,54,9652 ,2002 ,1389 ,428 ,961 
2022,61,61,61,61,United Kingdom,The University of Warwick,,71.2,73.1,90.8,52.1,61.4,99,99.4,23892 ,10459 ,2634 ,1158 ,1476 
2022,62,62,62,62,United Kingdom,University of Bristol,,71,74.7,84.3,67.5,50.7,91.3,83.6,25659 ,7483 ,3210 ,1154 ,2056 
2022,63,63,63,63,Germany,Ruprecht-Karls-Universit瓣t Heidelberg,,70.8,80.1,45.7,99.7,47,36.6,54.7,19347 ,4048 ,4100 ,853 ,3247 
2022,64,64,64,64,Germany,Ludwig-Maximilians-Universit瓣t M羹nchen,,70.1,92.8,77.5,52.7,50,49.1,38,35319 ,5958 ,3914 ,926 ,2988 
2022,65,65,65,65,Malaysia,Universiti Malaya (UM),,69.8,76.9,91.7,76.5,49.6,43.6,42.6,18559 ,3340 ,2386 ,526 ,1860 
2022,66,66,66,66,Hong Kong SAR,The Hong Kong Polytechnic University,,69.1,67.1,42.9,79.2,63.8,100,81.3,20387 ,5774 ,2822 ,1628 ,1194 
2022,67,67,67,67,United States,University of Texas at Austin,,68.4,93.6,86.1,9.5,96.6,2.1,15.4,48741 ,4953 ,2887 ,132 ,2755 
2022,68,68,68,68,Taiwan,National Taiwan University (NTU),臺灣大學,68.2,92.3,87.4,40.8,58.7,7,39.2,29467 ,5058 ,2939 ,306 ,2633 
2022,69,69,69,69,Argentina,Universidad de Buenos Aires (UBA),,67.9,90.2,93.4,78.2,1.9,52.8,71.1,117449 ,29516 ,16103 ,3944 ,12159 
2022,70,70,70,70,Belgium,KU Leuven,,67.2,84.4,56.1,8.1,96.9,90.3,41.4,47880 ,8485 ,2677 ,948 ,1729 
2022,70,70,70,70,Switzerland,University of Zurich,,67.2,59.3,52.8,96.6,53.3,100,57.8,23285 ,5044 ,3761 ,2029 ,1732 
2022,72,72,72,72,France,Sorbonne University,,67.1,90.2,47.4,37.4,75.4,14.5,54.2,42207 ,8782 ,4680 ,670 ,4010 
2022,73,73,73,73,United Kingdom,University of Glasgow,,66.8,74.4,74,59.6,38.7,95.8,97.9,28249 ,11065 ,3314 ,1298 ,2016 
2022,74,74,74,74,South Korea,Korea University,,66.3,77.6,90.4,89.5,30.6,4.3,34,26014 ,3325 ,4026 ,326 ,3700 
2022,75,75,75,75,Japan,Osaka University,,66.2,80.6,80.6,79.1,43.4,7.7,15.1,22618 ,2268 ,3127 ,341 ,2786 
2022,75,75,75,75,United States,University of Wisconsin-Madison,,66.2,83.4,52.8,69.2,58.4,8.1,27.5,40699 ,5737 ,5166 ,441 ,4725 
2022,77,77,77,77,United Kingdom,University of Southampton,,65.7,51.5,60.1,59.8,85.4,97.9,96.9,21752 ,8417 ,2468 ,1031 ,1437 
2022,78,78,78,78,Russia,Lomonosov Moscow State University,,65.6,79.5,76.5,99.8,5.9,7.3,87.8,30365 ,10239 ,6575 ,698 ,5877 
2022,79,79,79,79,Denmark,University of Copenhagen,,65.5,73.5,44.2,100,27.5,91.7,25.9,30311 ,4135 ,7293 ,2637 ,4656 
2022,79,79,79,79,South Korea,Yonsei University,,65.5,71.6,92.6,89.6,34.4,7.1,44.1,23269 ,4274 ,3605 ,391 ,3214 
2022,81,81,81,81,South Korea,Pohang University of Science And Technology (POSTECH),,65.4,44.3,64.1,100,99.7,17.6,3,3096 ,87 ,743 ,115 ,628 
2022,82,82,82,82,United Kingdom,Durham University,,65.2,58.3,88.6,35.8,80.6,97.8,91.5,18717 ,6174 ,1775 ,739 ,1036 
2022,82,82,82,82,Japan,Tohoku University,,65.2,71.4,73.8,98.4,41.3,3.6,16.5,17717 ,1872 ,3323 ,240 ,3083 
2022,82,82,82,82,United States,University of Illinois at Urbana-Champaign,,65.2,86.4,63.5,9.8,93.8,8,58.1,45906 ,9987 ,2748 ,305 ,2443 
2022,85,85,85,85,New Zealand,The University of Auckland,,65,83.8,57.3,23.7,55.1,99.5,94.3,28361 ,9924 ,2316 ,1069 ,1247 
2022,85,85,85,85,United States,University of Washington,,65,85.4,53,12.2,100,17,38.8,43156 ,7362 ,2796 ,427 ,2369 
2022,86,86,86,86,France,Universit? Paris-Saclay,,64.9,55.5,98.1,99.2,46.2,24.7,46.5,40358 ,7649 ,8010 ,1421 ,6589 
2022,87,87,87,87,Sweden,Lund University,,63.8,70.5,57.2,52.6,55.2,92.4,68.3,27443 ,6682 ,3040 ,1111 ,1929 
2022,88,88,88,88,United States,Georgia Institute of Technology,,63.5,67.8,79.4,6.9,100,71.3,64.1,24422 ,5675 ,1267 ,366 ,901 
2022,89,89,89,89,Sweden,KTH Royal Institute of Technology,,63.2,47.3,64.1,69.8,78.2,97,62.7,13359 ,3057 ,1704 ,678 ,1026 
2022,90,90,90,90,United Kingdom,University of Birmingham,,62.9,65.5,74.6,51.9,47.4,91.6,90,32562 ,10457 ,3586 ,1295 ,2291 
2022,91,91,91,91,United Kingdom,University of St Andrews,,62.8,46.7,64.7,67.6,69.7,99.1,99.7,9643 ,4377 ,1208 ,535 ,673 
2022,92,92,92,92,United Kingdom,University of Leeds,,62.6,70.6,79.5,44,43.4,83.9,89.4,34979 ,11584 ,3593 ,1174 ,2419 
2022,93,93,93,93,Australia,The University of Western Australia,,62.5,58.5,58.1,20.4,94.9,100,99.9,18535 ,9017 ,1539 ,942 ,597 
2022,94,94,94,94,United States,Rice University,,62.3,40,29.4,78,93.1,89.1,88.5,7277 ,2278 ,996 ,347 ,649 
2022,95,95,95,95,United Kingdom,The University of Sheffield,,61.6,60.4,57.9,66.8,44.5,83.7,98.1,27840 ,11090 ,3463 ,1129 ,2334 
2022,96,96,96,96,United States,Pennsylvania State University,,61.5,75.9,73.2,32.5,74.4,10,32.6,44827 ,6943 ,4207 ,544 ,3663 
2022,97,97,97,97,South Korea,Sungkyunkwan University (SKKU),,60.5,61.5,68.8,85.4,46.8,7.2,38.5,22482 ,3821 ,3313 ,351 ,2962 
2022,98,98,98,98,China (Mainland),University of Science and Technology of China,,60.1,52.4,14.4,83.6,99.9,8.4,6.4,17922 ,1019 ,2708 ,307 ,2401 
2022,99,99,99,99,Denmark,Technical University of Denmark,,59.9,32.1,30,100,75,100,76.6,9322 ,2495 ,2219 ,1124 ,1095 
2022,100,100,100,100,United States,"University of North Carolina, Chapel Hill",,59.6,66.3,47.2,80.9,53.9,11.8,11.1,33031 ,2749 ,4646 ,612 ,4034 
2022,101,101,101,101,Ireland,"Trinity College Dublin, The University of Dublin",,59.5,68.2,48.9,27.7,58.9,99.9,94.2,16019 ,5593 ,1383 ,678 ,705 
2022,102,102,102,102,Norway,University of Oslo,,59,55.4,16.3,85.5,61,85,29,17623 ,2560 ,2600 ,860 ,1740 
2022,103,103,103,103,United Kingdom,University of Nottingham,,58.9,59.1,74.2,43.5,51,90.3,83.6,33110 ,9659 ,3386 ,1199 ,2187 
2022,104,104,104,104,Finland,University of Helsinki,,58.5,67.2,45.8,68.5,49.6,56.5,6.2,22628 ,1254 ,2855 ,723 ,2132 
2022,105,105,105,105,Mexico,Universidad Nacional Aut?noma de M?xico (UNAM),,58.3,94.6,93.2,49.9,3,2.9,3.5,151316 ,5110 ,16381 ,1013 ,15368 
2022,105,105,105,105,Switzerland,University of Geneva,,58.3,48.7,24.4,47.4,83.7,100,97.3,17135 ,6547 ,1814 ,1083 ,731 
2022,107,107,107,107,United States,Washington University in St. Louis,,58,41.3,16.3,99.9,61,79,68.6,14475 ,3535 ,3193 ,991 ,2202 
2022,108,108,108,108,Australia,The University of Adelaide,,57.9,53.3,39.8,21.9,90.1,100,99.7,22102 ,10107 ,1757 ,869 ,888 
2022,108,108,108,108,United States,"University of California, Davis",,57.9,66.9,47.2,29.7,65.9,76.4,64.8,34675 ,8414 ,3420 ,1032 ,2388 
2022,109,109,109,109,Saudi Arabia,King Abdulaziz University (KAU),,57.7,41.3,65.7,68.9,63.8,99.5,56.3,32034 ,6821 ,4054 ,1862 ,2192 
2022,110,110,110,110,Netherlands,Utrecht University,,57.5,66.1,34.4,37.4,82.2,45.5,24.4,33748 ,4454 ,3254 ,744 ,2510 
2022,111,111,111,111,Canada,Universit? de Montr?al,,57.3,56.6,52.5,74.1,36.1,88.3,53.2,37116 ,7625 ,5533 ,1905 ,3628 
2022,112,112,112,112,Finland,Aalto University,,57,45.7,45.8,47.7,88.4,96,37.5,13154 ,2202 ,1396 ,549 ,847 
2022,112,112,112,112,United States,Boston University,,57,62,58.9,41,63.7,14.4,87.6,26440 ,8159 ,2642 ,377 ,2265 
2022,112,112,112,112,Netherlands,Leiden University,,57,69.3,32.3,24.1,73.5,78.1,47.3,31702 ,6064 ,2604 ,801 ,1803 
2022,112,112,112,112,United States,University of Southern California,,57,56.2,60.9,37.1,77.5,23.4,81.7,31999 ,9107 ,3116 ,540 ,2576 
2022,116,116,116,116,United States,Purdue University,,56.9,63.3,74.9,14.8,77.6,55.8,50.6,40335 ,8034 ,2622 ,484 ,2138 
2022,117,117,117,117,United Kingdom,Queen Mary University of London,,56.7,50.7,39.4,51.5,60,99.8,99.5,19525 ,8625 ,2119 ,1010 ,1109 
2022,118,118,118,118,Japan,Nagoya University,,56.2,59.2,51.1,92,37.4,5.1,20.5,15676 ,1879 ,2512 ,222 ,2290 
2022,119,119,119,119,Switzerland,University of Bern,,56.1,30.4,35,67.5,97.6,100,44,9688 ,1776 ,1212 ,696 ,516 
2022,120,120,120,120,United States,The Ohio State University,,56,61.9,64.2,58.7,39.3,76.9,23.2,54827 ,7029 ,6388 ,1943 ,4445 
2022,121,121,121,121,Sweden,Chalmers University of Technology,,55.9,28.8,62.9,70.2,76.1,100,72.4,9512 ,2502 ,1217 ,664 ,553 
2022,121,121,121,121,Brazil,Universidade de S?o Paulo,,55.9,90.1,71.3,18.8,42.3,2.4,3,65582 ,1858 ,4943 ,261 ,4682 
2022,123,123,123,123,Netherlands,Wageningen University & Research,,55.8,42.8,24.9,97.9,53.4,35.7,78.5,15102 ,4131 ,2767 ,570 ,2197 
2022,124,124,124,124,Sweden,Uppsala University,,55.4,65.1,33,38.9,53.4,86.3,60.4,29063 ,8401 ,2843 ,1281 ,1562 
2022,125,125,125,125,Netherlands,Eindhoven University of Technology,,55.3,29.9,78.9,54.3,85.9,100,44.1,10190 ,1872 ,1145 ,606 ,539 
2022,126,126,126,126,Canada,University of Alberta,,55.2,53.7,47.4,48.2,52.7,90,81.4,34172 ,9689 ,3645 ,1285 ,2360 
2022,127,127,127,127,Germany,Freie Universitaet Berlin,,54.9,80.9,51.8,3.5,57.8,50.5,46.5,35151 ,6659 ,1389 ,333 ,1056 
2022,128,128,128,128,Germany,Humboldt-Universit?t zu Berlin,,54.8,90.3,63.5,9.2,33.1,39.8,33,33610 ,5239 ,1967 ,424 ,1543 
2022,128,128,128,128,Netherlands,University of Groningen,,54.8,51.1,29.1,62.2,49.3,92.6,86.2,31070 ,9397 ,3724 ,1367 ,2357 
2022,130,130,130,130,France,?cole Normale Sup?rieure de Lyon,,54.6,32.8,12.4,97.2,85.3,51.8,18.5,2066 ,233 ,387 ,96 ,291 
2022,131,131,131,131,China (Mainland),Nanjing University,,54.2,59.6,17.7,30.1,96.4,52,9.2,34148 ,2513 ,3040 ,739 ,2301 
2022,132,132,132,132,United Kingdom,Lancaster University,,54,41.2,33.2,39.2,82.6,94.6,97.1,14665 ,5557 ,1440 ,548 ,892 
2022,133,133,133,133,Australia,University of Technology Sydney,,53.9,44.4,71.8,8.9,86.3,98.6,95.2,24166 ,8653 ,1505 ,649 ,856 
2022,134,134,134,134,United Kingdom,Newcastle University,,53.8,45.8,80.8,43.3,48.2,92.2,85.8,26923 ,8100 ,2766 ,1009 ,1757 
2022,135,135,135,135,Chile,Pontificia Universidad Cat?lica de Chile (UC),,53.6,89.6,97.6,22.4,14,6.5,3.8,29273 ,1072 ,2343 ,235 ,2108 
2022,136,136,136,136,Germany,"KIT, Karlsruhe Institute of Technology",,53.4,45.3,78.5,30.5,74,58.9,67.7,20797 ,5030 ,2080 ,538 ,1542 
2022,137,137,137,137,Japan,Kyushu University,,53.3,56.1,60.2,86.2,31,4.4,18.9,18566 ,2125 ,2761 ,224 ,2537 
2022,138,138,138,138,Switzerland,University of Basel,,53,28.7,25.9,49.7,97.2,100,86.7,9441 ,2875 ,1036 ,682 ,354 
2022,140,140,140,140,Canada,McMaster University,,52.7,39.9,51.6,86.5,31.4,99.5,55.3,25577 ,5386 ,3819 ,1750 ,2069 
2022,141,141,141,141,Belgium,Ghent University,,52.6,54.5,25.8,84.8,34.3,61.7,21.1,37833 ,4609 ,5537 ,1469 ,4068 
2022,142,142,142,142,Italy,Politecnico di Milano,,52.5,66.1,81,5.1,59.3,40.9,55.2,35419 ,7452 ,1659 ,362 ,1297 
2022,143,143,143,143,Malaysia,Universiti Putra Malaysia (UPM),,52.2,53.6,56.4,73.9,20.5,32.9,87,16462 ,5040 ,2174 ,433 ,1741 
2022,144,144,144,144,Malaysia,Universiti Kebangsaan Malaysia (UKM),,52,56.7,59.4,94.6,9.2,20.5,28.4,16873 ,2410 ,2829 ,466 ,2363 
2022,145,145,145,145,Japan,Hokkaido University,,51.4,54.8,56,79.2,32.5,8.1,17.9,17887 ,1984 ,2476 ,277 ,2199 
2022,146,146,146,146,United States,"University of California, Santa Barbara (UCSB)",,51.2,57.8,25.3,10.7,95.6,44.1,37.2,25856 ,4309 ,1597 ,360 ,1237 
2022,147,147,147,147,Malaysia,Universiti Sains Malaysia (USM),,51,58.9,63,69.6,16,16,60.6,18764 ,4198 ,2249 ,335 ,1914 
2022,148,148,148,148,Sweden,Stockholm University,,50.6,55.6,20.3,27.3,65.5,87.5,63.1,27085 ,7567 ,2325 ,793 ,1532 
2022,149,149,149,149,United Kingdom,The University of Exeter,,50.5,41.4,57.5,37.3,58.5,94.2,82.9,24858 ,7188 ,2393 ,905 ,1488 
2022,149,149,149,149,Canada,University of Waterloo,,50.5,39.6,79.2,7.5,85.7,74.7,83.8,35088 ,10269 ,1908 ,569 ,1339 
2022,151,151,151,151,United Kingdom,Cardiff University,,50.4,47.2,47.1,48.6,44.3,81.6,79.4,28269 ,7819 ,3026 ,965 ,2061 
2022,151,151,151,151,Austria,University of Vienna,,50.4,70.2,47.4,22.6,17.2,98.8,89.9,45285 ,14514 ,3637 ,1584 ,2053 
2022,151,151,151,151,United Kingdom,University of York,,50.4,43.2,37.2,54.4,50.2,91.8,74,19645 ,5098 ,2209 ,800 ,1409 
2022,154,154,154,154,United States,University of Rochester,,50.3,25.2,18.9,99.8,52.6,57,95.3,10177 ,3644 ,1853 ,472 ,1381 
2022,155,155,155,155,Denmark,Aarhus University,,50.2,56,40.2,32.6,60.1,83.9,15.8,28177 ,2911 ,2579 ,843 ,1736 
2022,156,156,156,156,South Korea,Hanyang University,,49.8,45.2,74.3,80.1,30.1,8.9,31.7,22662 ,3455 ,3164 ,369 ,2795 
2022,157,157,157,157,United States,Michigan State University,,49.7,61,60.7,13.5,63.3,50.5,23.6,44750 ,5795 ,3008 ,721 ,2287 
2022,158,158,158,158,United States,"University of Maryland, College Park",,49.5,51.9,35.9,43,73.1,13.2,21.9,37449 ,4659 ,3798 ,524 ,3274 
2022,159,159,159,159,Germany,Technische Universit?t Berlin (TU Berlin),,49.3,55.7,68.6,43.3,30.7,23.6,80.3,23103 ,6464 ,2331 ,406 ,1925 
2022,160,160,160,160,United States,Emory University,,48.6,25,17.3,99.4,66.7,30.5,38.1,13409 ,2264 ,2725 ,526 ,2199 
2022,161,161,161,161,United States,Case Western Reserve University,,48.2,19,21.7,86.3,75.9,41.3,74.1,11016 ,2864 ,1639 ,359 ,1280 
2022,161,161,161,161,Mexico,Tecnol?gico de Monterrey,,48.2,45,90.4,81.5,2.5,73.6,8.9,49696 ,3514 ,5894 ,716 ,5178 
2022,163,163,163,163,Saudi Arabia,King Fahd University of Petroleum & Minerals,,48.1,28.7,25.4,85.9,54.5,100,16.5,7379 ,782 ,1103 ,791 ,312 
2022,163,163,163,163,United States,University of Pittsburgh,,48.1,42.3,18.8,97.5,43.9,2.6,14.6,26291 ,2590 ,4746 ,267 ,4479 
2022,165,165,165,165,Germany,RWTH Aachen University,,48,50.2,93.3,6.5,60.8,21.9,75.6,47173 ,12477 ,2431 ,411 ,2020 
2022,166,166,166,166,Italy,Alma Mater Studiorum - University of Bologna,,47.7,77.5,46.6,3.8,51.8,4.7,10.3,69939 ,5536 ,2885 ,244 ,2641 
2022,166,166,166,166,United Kingdom,University of Bath,,47.7,34.8,69.8,22.4,63.3,98.7,89.5,16728 ,5326 ,1339 ,581 ,758 
2022,168,168,168,168,United States,Texas A&M University,,47.6,61.5,65,6,68.6,11,15.6,64752 ,6621 ,3049 ,389 ,2660 
2022,168,168,168,168,Spain,Universitat de Barcelona,,47.6,71.3,36.5,16.1,51,3.9,32.2,45382 ,6979 ,3002 ,239 ,2763 
2022,170,170,170,170,Canada,Western University,,47.5,30.8,63.9,5.5,97.4,99.4,60.4,28309 ,6314 ,1311 ,664 ,647 
2022,171,171,171,171,Italy,Sapienza University of Rome,,47.2,76.5,38.4,4.2,55.9,1.4,10,76453 ,5960 ,3287 ,83 ,3204 
2022,172,172,172,172,Germany,Albert-Ludwigs-Universitaet Freiburg,,47,49.9,20.8,34.1,66.5,48.9,43.1,21413 ,3883 ,1993 ,471 ,1522 
2022,173,173,173,173,Ireland,University College Dublin,,46.9,49.6,44.6,25.9,42.1,99.2,76,21768 ,6118 ,1836 ,820 ,1016 
2022,173,173,173,173,United States,University of Florida,,46.9,49.7,47.9,76.4,28.9,6.2,12.5,46120 ,4143 ,6222 ,610 ,5612 
2022,175,175,175,175,Kazakhstan,Al-Farabi Kazakh National University,,46.8,45.5,67.7,97.2,1.3,13.4,24.4,23167 ,3054 ,4047 ,499 ,3548 
2022,176,176,176,176,Switzerland,University of Lausanne,,46.6,32.8,19,52.4,63.9,99.8,61.7,13366 ,3026 ,1478 ,704 ,774 
2022,177,177,177,177,Germany,Eberhard Karls Universit?t T?bingen,,46.4,46,22.1,94.6,16.3,43.8,24,21962 ,2872 ,4517 ,1084 ,3433 
2022,177,177,177,177,India,Indian Institute of Technology Bombay (IITB),,46.4,51.3,79.6,32.5,55.5,1.5,1.6,11097 ,116 ,1015 ,27 ,988 
2022,179,179,179,179,Netherlands,Erasmus University Rotterdam,,46.3,35.6,58.2,35,61.1,81.9,53.7,28694 ,5932 ,2699 ,863 ,1836 
2022,180,180,180,180,Taiwan,National Tsing Hua University,清華大學,46.1,51.2,59.3,37.8,53,7.2,20.4,13001 ,1551 ,1265 ,134 ,1131 
2022,180,180,180,180,Austria,Technische Universit?t Wien,,46.1,32.6,48,11.5,90.4,70.5,82.8,8709 ,2515 ,761 ,218 ,543 
2022,180,180,180,180,Sweden,University of Gothenburg,,46.1,37.9,21.6,71.7,37.2,73.5,63.1,20689 ,5652 ,2680 ,890 ,1790 
2022,183,183,183,183,United Arab Emirates,Khalifa University,,46,13.7,10.5,91.3,65.1,100,59.7,2944 ,652 ,498 ,452 ,46 
2022,183,183,183,183,Chile,Universidad de Chile,,46,76.7,92.3,12.2,15.3,2.8,4.9,37264 ,1697 ,2412 ,146 ,2266 
2022,185,185,185,185,India,Indian Institute of Technology Delhi (IITD),,45.9,45.8,70.8,30.9,70,1.2,1.7,9064 ,100 ,843 ,10 ,833 
2022,186,186,186,186,India,Indian Institute of Science,,45.7,34.2,19.2,48.8,100,1.2,1.8,4161 ,52 ,446 ,6 ,440 
2022,186,186,186,186,United States,University of Minnesota Twin Cities,,45.7,61.8,30.1,30.6,54.1,2.3,14.8,56821 ,5630 ,5087 ,251 ,4836 
2022,188,188,188,188,Belgium,Universit? catholique de Louvain (UCLouvain),,45.6,50.8,38,6.7,66.8,89.8,42,25347 ,4524 ,1315 ,462 ,853 
2022,189,189,189,189,United Kingdom,University of Liverpool,,45.5,42.7,37.3,44.8,32.2,86.8,94.9,26779 ,9500 ,2771 ,937 ,1834 
2022,189,189,189,189,Netherlands,University of Twente,,45.5,21,42.3,37.1,79.3,98.8,89.1,12243 ,3872 ,1177 ,516 ,661 
2022,191,191,191,191,United States,Dartmouth College,,45.1,19.5,30.1,71.8,90.1,1.7,32.5,6444 ,997 ,836 ,30 ,806 
2022,191,191,191,191,Malaysia,Universiti Teknologi Malaysia,,45.1,42.4,53.4,55.2,39.2,6.5,68.3,20354 ,4956 ,1869 ,184 ,1685 
2022,193,193,193,193,Australia,University of Wollongong,,44.9,30.4,37.5,20.1,82.3,90.8,76.4,18236 ,4779 ,1410 ,503 ,907 
2022,194,194,194,194,Australia,Curtin University,,44.8,31.2,48.2,15.2,84.6,100,46,24264 ,4565 ,1698 ,997 ,701 
2022,194,194,194,194,Germany,Technische Universit?t Dresden,,44.8,38,51,86.6,19.5,25.2,37.1,31062 ,5167 ,4636 ,828 ,3808 
2022,194,194,194,194,New Zealand,University of Otago,,44.8,50.6,39.2,16,49.5,100,47.4,18723 ,3585 ,1333 ,800 ,533 
2022,197,197,197,197,Australia,"The University of Newcastle, Australia (UON)",,44.6,30.8,28.6,32.9,80.6,100,30.5,12358 ,1747 ,1135 ,567 ,568 
2022,198,198,198,198,Israel,The Hebrew University of Jerusalem,,44.5,34.9,30.8,84.5,36.7,51.8,9.4,15727 ,1176 ,2295 ,557 ,1738 
2022,199,199,199,199,Norway,University of Bergen,,44.2,34.2,10,78.1,45,85.5,8.5,11918 ,832 ,1634 ,544 ,1090 
2022,200,200,200,200,Australia,Macquarie University,,44.1,33.2,52.8,17.3,60.9,98.8,95.2,24096 ,8621 ,1766 ,768 ,998 
2022,201,201,201,201,Japan,Keio University,,43.9,50.2,87.7,62.8,7.1,3.6,13.2,33442 ,3101 ,4028 ,288 ,3740 
2022,202,202,202,202,United Kingdom,University of Reading,,43.5,33.8,34.1,23.8,62.9,93.8,87.7,16196 ,5007 ,1325 ,497 ,828 
2022,203,203,203,203,Japan,Waseda University,,43.3,60.3,94.1,29.8,5.2,13.5,37.2,43254 ,7209 ,3833 ,534 ,3299 
2022,204,204,204,204,Germany,University of G?ttingen,,43.2,50.5,20.1,65.1,24.8,33.2,23.1,30285 ,3875 ,3717 ,743 ,2974 
2022,205,205,205,205,United Kingdom,University of Aberdeen,,43.1,29.3,35.1,31.4,58.4,94.9,99.2,13012 ,5544 ,1175 ,450 ,725 
2022,206,206,206,206,Australia,RMIT University,,42.8,37.1,60.9,8.3,51.3,100,95,33039 ,11743 ,1859 ,1119 ,740 
2022,207,207,207,207,Spain,Universidad Aut?noma de Madrid,,42.7,58.5,56.7,40.9,22.7,2.6,11.7,28741 ,2470 ,2869 ,161 ,2708 
2022,207,207,207,207,Belgium,Universite libre de Bruxelles,,42.7,33.8,47.8,5,70.1,94.5,89.4,25427 ,8073 ,1101 ,458 ,643 
2022,209,209,209,209,Spain,Universitat Aut?noma de Barcelona,,42.6,60.8,32.3,13.6,52.7,8,23.2,31674 ,4069 ,2132 ,237 ,1895 
2022,209,209,209,209,Netherlands,Vrije Universiteit Amsterdam,,42.6,41,17.6,37.3,67.1,37.5,30.9,26990 ,4059 ,2598 ,644 ,1954 
2022,211,211,211,211,China (Mainland),Tongji University,,42.5,35.4,10.4,24.5,84.4,70.4,37.1,30628 ,5095 ,2785 ,685 ,2100 
2022,212,212,212,212,South Korea,Ulsan National Institute of Science and Technology (UNIST),,42.4,9.9,6.5,76.1,100,35.4,13.1,3849 ,355 ,518 ,100 ,418 
2022,213,213,213,213,Australia,Queensland University of Technology (QUT),,42.1,42,44.8,8.7,59,98.3,43.3,35254 ,6403 ,2028 ,861 ,1167 
2022,214,214,214,214,Germany,Universit?t Hamburg,,42,50.8,24.5,20.4,62.3,27.5,22.3,28860 ,3626 ,2032 ,376 ,1656 
2022,215,215,215,215,Thailand,Chulalongkorn University,,41.9,67.7,67.4,31.9,6.2,2.6,3,34509 ,985 ,3354 ,192 ,3162 
2022,216,216,216,216,United States,Arizona State University,,41.8,45.3,41.4,9.1,63.4,58.4,39.2,49137 ,8430 ,2869 ,739 ,2130 
2022,216,216,216,216,United Kingdom,Queen's University Belfast,,41.8,30.1,31.7,42.5,40,100,97.4,19252 ,7397 ,1951 ,965 ,986 
2022,218,218,218,218,United States,Vanderbilt University,,41.7,25.9,23.1,100,31.7,14.1,35.9,12367 ,2022 ,4473 ,633 ,3840 
2022,219,219,219,219,Brazil,Universidade Estadual de Campinas (Unicamp),,41.3,65.3,34.3,13,43.4,2.6,3.5,28324 ,944 ,1875 ,105 ,1770 
2022,220,220,220,220,Netherlands,Radboud University,,41.1,30.3,17.9,34.3,83.9,44.3,22.2,22222 ,2781 ,2074 ,469 ,1605 
2022,221,221,221,221,Belgium,Vrije Universiteit Brussel (VUB),,41,24,17.2,82.9,26.4,90.2,62.7,13078 ,2994 ,1815 ,642 ,1173 
2022,222,222,222,222,United States,University of Notre Dame,,40.9,28,44.8,66.5,51.1,10.4,20.3,12453 ,1484 ,1545 ,193 ,1352 
2022,223,223,223,223,Spain,Complutense University of Madrid,,40.8,67.8,58.4,21.5,11.4,1.3,20.8,60471 ,7295 ,4778 ,95 ,4683 
2022,224,224,224,224,Qatar,Qatar University,,40.7,21.6,24.4,70.3,28.1,100,94.6,9084 ,3197 ,1163 ,928 ,235 
2022,225,225,225,225,China (Mainland),Wuhan University,,40.4,39.2,46.8,15.4,75.1,26.5,8.1,54421 ,3682 ,3828 ,698 ,3130 
2022,226,226,226,226,Germany,Rheinische Friedrich-Wilhelms-Universit?t Bonn,,40.3,51.1,17.7,56.2,18,32.6,29.3,22454 ,3276 ,4207 ,834 ,3373 
2022,226,226,226,226,South Africa,University of Cape Town,,40.3,44.1,41.7,19.9,51.2,50.7,31.7,21005 ,3204 ,1503 ,361 ,1142 
2022,226,226,226,226,United Kingdom,University of Sussex,,40.3,26.2,8.6,17.3,78.7,97,94.6,18014 ,6350 ,1320 ,534 ,786 
2022,226,226,226,226,United States,University of Virginia,,40.3,36.5,40.9,60.9,42,2.4,13.9,23039 ,2201 ,2731 ,143 ,2588 
2022,230,230,230,230,Canada,University of Ottawa,,40.2,25,38.7,4.9,86.2,90.5,67.8,36670 ,8885 ,1677 ,582 ,1095 
2022,231,231,231,231,United Kingdom,Loughborough University,,40.1,31.3,63.8,26,39.2,83.1,75.8,17129 ,4540 ,1445 ,468 ,977 
2022,232,232,232,232,United States,"University of California, Irvine",,40,41.5,20.3,11.6,62.9,51.3,74.9,35537 ,9323 ,2775 ,791 ,1984 
2022,233,233,233,233,Netherlands,Maastricht University,,39.8,21.9,28.6,18.4,71.8,98.8,100,18970 ,10425 ,1418 ,618 ,800 
2022,233,233,233,233,Belgium,University of Antwerp,,39.8,23.1,11.7,65.1,52.3,77.4,37,16184 ,2688 ,1704 ,521 ,1183 
2022,235,235,235,235,Canada,University of Calgary,,39.7,34.8,44.2,25.4,46.8,79,56.3,31863 ,6791 ,2668 ,829 ,1839 
2022,236,236,236,236,China (Mainland),Harbin Institute of Technology,,39.6,24.1,9.6,48.2,93.3,2.8,8.5,30139 ,2102 ,3215 ,194 ,3021 
2022,236,236,236,236,Colombia,Universidad de los Andes,,39.6,58.8,95.2,22.3,6.4,11,1.6,15300 ,151 ,1223 ,156 ,1067 
2022,236,236,236,236,United Kingdom,University of Leicester,,39.6,23.4,19,44.6,53,80.6,91.5,14696 ,4919 ,1518 ,479 ,1039 
2022,236,236,236,236,New Zealand,Victoria University of Wellington,,39.6,46.7,34.5,11,37.5,99.8,52.4,18006 ,3668 ,1124 ,533 ,591 
2022,240,240,240,240,Canada,Queen's University at Kingston,,39.5,37,70.4,6.9,56.2,63.6,33.7,24456 ,3858 ,1287 ,347 ,940 
2022,240,240,240,240,Switzerland,USI - Universit? della Svizzera italiana,,39.5,5.2,4.8,86.6,47.4,100,100,2695 ,1864 ,403 ,309 ,94 
2022,242,242,242,242,Lebanon,American University of Beirut (AUB),,39.2,27.7,54.2,62,16.9,78.6,56.7,8055 ,1724 ,964 ,298 ,666 
2022,242,242,242,242,Russia,Saint Petersburg State University,,39.2,42.8,25.2,77.3,6.7,2,49.4,24746 ,4982 ,3054 ,134 ,2920 
2022,242,242,242,242,Italy,Universit? di Padova,,39.2,55.7,30.9,9.9,55.8,3.3,6.4,46650 ,2654 ,2806 ,189 ,2617 
2022,245,245,245,245,France,Ecole des Ponts ParisTech,,39.1,8.6,46.8,95.9,29.8,15.7,98.4,1957 ,735 ,338 ,50 ,288 
2022,246,246,246,246,Russia,Novosibirsk State University,,38.8,28.9,16.2,92.9,19.5,2.3,57.9,7484 ,1623 ,1218 ,62 ,1156 
2022,246,246,246,246,United States,University of Massachusetts Amherst,,38.8,41.4,18.7,14.8,70.1,37.6,26.6,26684 ,3696 ,1852 ,480 ,1372 
2022,248,248,248,248,United States,Georgetown University,,38.7,32.4,47.6,65.5,24.2,5.6,51.5,16318 ,3286 ,2009 ,188 ,1821 
2022,248,248,248,248,Spain,Universitat Pompeu Fabra (Barcelona),,38.7,30.8,25.8,10.8,87.2,57.8,23.5,12648 ,1633 ,785 ,201 ,584 
2022,250,250,250,250,Brunei,Universiti Brunei Darussalam (UBD),,38.6,20,12.3,96.8,7.6,100,65.6,2686 ,635 ,475 ,266 ,209 
2022,251,251,251,251,United States,University of Colorado Boulder,,38.5,36.8,16.2,36.9,68.8,7.7,9.1,33504 ,2441 ,2946 ,321 ,2625 
2022,252,252,252,252,Taiwan,National Cheng Kung University (NCKU),成功大學,38.4,43.9,61.9,39.4,25.2,7.2,24.2,20215 ,2656 ,2079 ,220 ,1859 
2022,252,252,252,252,United States,Yeshiva University,,38.4,2.6,4.1,93.4,86.9,0,14.1,4847 ,467 ,471 ,0 ,471 
2022,254,254,254,254,Indonesia,Gadjah Mada University,,38.3,47.8,44.4,65.4,1.5,21.3,2.3,38089 ,738 ,4728 ,790 ,3938 
2022,255,255,255,255,India,Indian Institute of Technology Madras (IITM),,38.1,36.1,48.3,32.3,60.2,1.2,1.6,9688 ,94 ,884 ,12 ,872 
2022,255,255,255,255,Thailand,Mahidol University,,38.1,42,46,75.4,5.6,2.3,5.4,28477 ,1415 ,3850 ,195 ,3655 
2022,255,255,255,255,Israel,Tel Aviv University,,38.1,33.1,26.9,5,99.8,15.1,6.4,22728 ,1294 ,1048 ,153 ,895 
2022,258,258,258,258,Ireland,National University of Ireland Galway,,37.6,26.3,30.3,69.2,12.8,90.6,58.7,14647 ,3208 ,1835 ,653 ,1182 
2022,258,258,258,258,Colombia,Universidad Nacional de Colombia,,37.6,63.9,94.2,7.5,3.8,2.4,1.4,43611 ,335 ,3055 ,157 ,2898 
2022,258,258,258,258,New Zealand,University of Canterbury | Te Whare W?nanga o Waitaha,,37.7,39.2,41,9.7,41.1,99.6,51.4,13999 ,2816 ,836 ,389 ,447 
2022,260,260,260,260,China (Mainland),Sun Yat-sen University,,37.4,36.2,27.5,61.9,36.2,2.2,5.9,58586 ,3127 ,7002 ,331 ,6671 
2022,261,261,261,261,France,Sciences Po,,37.3,20.2,31.5,91.5,4.1,37,99.2,11370 ,4841 ,1808 ,378 ,1430 
2022,261,261,261,261,France,Universit? de Paris,,37.3,38.6,7.5,15.5,79.2,6.6,33.3,63219 ,11387 ,3755 ,379 ,3376 
2022,264,264,264,264,South Korea,Kyung Hee University,,37.2,26.4,34.9,85.5,15.2,4.2,51.9,23296 ,4715 ,3435 ,274 ,3161 
2022,264,264,264,264,United States,Rutgers University–New Brunswick,,37.2,39.2,36.8,53.5,22.4,9.4,41.5,44896 ,7965 ,5009 ,597 ,4412 
2022,266,266,266,266,Czechia,Charles University,,37.1,45.7,35.5,49.9,11.4,8.6,49.2,46370 ,9080 ,5019 ,574 ,4445 
2022,266,266,266,266,Spain,University of Navarra,,37.1,28.9,65.7,56.3,17.2,9.9,72.6,11651 ,2978 ,1359 ,166 ,1193 
2022,268,268,268,268,Taiwan,National Yang Ming Chiao Tung University,陽明交通大學,36.9,32.6,64.9,46.8,34.1,7.1,12.6,16834 ,1475 ,2112 ,203 ,1909 
2022,268,268,268,268,United States,The University of Arizona,,36.9,41.3,23.1,61.4,22.4,9,14.3,36283 ,3526 ,5724 ,670 ,5054 
2022,269,269,269,269,Germany,Technical University of Darmstadt,,36.9,20.1,52.1,5.8,83.6,40.7,70.8,15882 ,3979 ,804 ,175 ,629 
2022,270,270,270,270,China (Mainland),Beijing Normal University,,36.7,38.5,8.4,29.7,64.1,4.2,26.7,23688 ,3288 ,2098 ,115 ,1983 
2022,270,270,270,270,United Kingdom,Heriot-Watt University,,36.7,15.3,30.2,23.6,64.8,100,95.2,9883 ,3536 ,806 ,416 ,390 
2022,272,272,272,272,Canada,Dalhousie University,,36.6,18.7,24.4,16.9,70.3,100,81.3,15837 ,4483 ,1150 ,607 ,543 
2022,272,272,272,272,Russia,Tomsk State University,,36.6,22.6,11,99.8,5.9,9.5,93.8,8184 ,2828 ,1742 ,209 ,1533 
2022,272,272,272,272,United Kingdom,University of Surrey,,36.6,22.3,28.4,19.9,55.6,98.3,94.3,15875 ,5556 ,1221 ,519 ,702 
2022,275,275,275,275,China (Mainland),Southern University of Science and Technology,,36.5,6.8,1.7,98.5,61,29.7,2.1,5097 ,88 ,984 ,188 ,796 
2022,275,275,275,275,United States,Tufts University,,36.5,19.6,8.6,73.9,50.7,17.8,35.7,11046 ,1798 ,1459 ,227 ,1232 
2022,277,277,277,277,Austria,Graz University of Technology,,36.4,14,8.2,98.3,19.4,68,57.5,6822 ,1473 ,1427 ,400 ,1027 
2022,277,277,277,277,India,Indian Institute of Technology Kanpur (IITK),,36.4,30.1,41.1,18.3,81.6,1.3,1.2,7198 ,29 ,551 ,10 ,541 
2022,277,277,277,277,Saudi Arabia,King Saud University,,36.4,32,13.3,58.8,23.6,96.3,17,36166 ,3896 ,4216 ,1705 ,2511 
2022,280,280,280,280,India,Indian Institute of Technology Kharagpur (IIT-KGP),,36.3,28,38.8,16.7,88,1.5,1.1,11889 ,27 ,770 ,20 ,750 
2022,281,281,281,281,Russia,Bauman Moscow State Technical University,,36.2,23.9,48.7,100,1.3,7,20.5,18011 ,2370 ,4349 ,511 ,3838 
2022,281,281,281,281,Austria,Universit?t Innsbruck,,36.2,20.4,8.9,71,14.1,100,99.8,13737 ,6323 ,1769 ,874 ,895 
2022,283,283,283,283,Australia,Deakin University,,36.1,28.1,38,4.4,57.1,98.7,72.4,42444 ,10684 ,1851 ,801 ,1050 
2022,284,284,284,284,New Zealand,Massey University,,35.9,29.9,24.4,33.6,23.7,99.1,99.2,10811 ,4836 ,1209 ,535 ,674 
2022,285,285,285,285,United States,University of Illinois at Chicago (UIC),,35.6,43.5,32.1,37.8,30.4,3.4,20,29021 ,3425 ,2808 ,193 ,2615 
2022,285,285,285,285,Japan,University of Tsukuba,,35.6,35.2,17.1,68.5,21.4,5.6,28.4,16431 ,2358 ,2073 ,194 ,1879 
2022,287,287,287,287,Hong Kong SAR,Hong Kong Baptist University,,35.5,18.5,13.8,44.3,39.5,96.2,99.6,8440 ,4704 ,980 ,367 ,613 
2022,288,288,288,288,United Arab Emirates,United Arab Emirates University,,35.4,25.2,27.7,67.5,9.7,100,40.1,7121 ,1238 ,919 ,757 ,162 
2022,290,290,290,290,Australia,Griffith University,,35.1,27.8,20.1,9.4,64.2,99.8,41.6,33072 ,5875 ,1918 ,918 ,1000 
2022,290,290,290,290,Russia,Moscow Institute of Physics and Technology (MIPT / Moscow Phystech),,35.1,17.8,20.6,97.9,15.1,16.6,47.1,6040 ,1153 ,1110 ,168 ,942 
2022,290,290,290,290,Indonesia,Universitas Indonesia,,35.1,44.1,51.8,39.1,1.8,74.7,3.5,42416 ,1412 ,4210 ,1166 ,3044 
2022,290,290,290,290,France,Universit? Paris 1 Panth?on-Sorbonne,,35.1,62.8,44.5,5.3,3.1,21.4,52.9,35428 ,7257 ,1679 ,281 ,1398 
2022,290,290,290,290,China (Mainland),Xi’an Jiaotong University,,35.1,23.1,41.7,25.4,80.2,2.5,5.6,44568 ,2267 ,3729 ,199 ,3530 
2022,295,295,295,295,Belarus,Belarusian State University,,34.9,21.5,40.2,98,1.4,1.4,43,22639 ,4264 ,4173 ,93 ,4080 
2022,295,295,295,295,Portugal,University of Porto,,34.9,38.6,27.7,14.6,61.7,2.1,24.1,28867 ,3783 ,2028 ,94 ,1934 
2022,295,295,295,295,Finland,University of Turku,,34.9,27.8,28.5,61.1,38.5,11.8,5.1,12669 ,604 ,1505 ,198 ,1307 
2022,298,298,298,298,Canada,Simon Fraser University,,34.8,24.7,22.1,5.3,61.7,94.2,89.8,25150 ,8051 ,1193 ,451 ,742 
2022,298,298,298,298,Ireland,University College Cork,,34.8,27.6,33.5,44,21.8,95.4,46.9,15768 ,3002 ,1619 ,629 ,990 
2022,300,300,300,300,United States,North Carolina State University,,34.7,30.4,23.8,14.3,68.7,51.5,16.5,29855 ,3156 ,1944 ,470 ,1474 
2022,300,300,300,300,Estonia,University of Tartu,,34.7,26,13.5,88.3,15.2,17.5,24.9,10498 ,1400 ,1605 ,248 ,1357 
2022,302,302,302,302,United Kingdom,University of Strathclyde,,34.4,26.6,46.3,20.4,31.7,93.3,78.3,19771 ,5397 ,1532 ,569 ,963 
2022,303,303,303,303,Indonesia,Bandung Institute of Technology (ITB),,34.2,41.2,44,57.8,2.7,17.7,3.4,19120 ,613 ,2228 ,346 ,1882 
2022,303,303,303,303,Australia,University of Tasmania,,34.2,17.8,9.7,18.7,69.4,68.1,98.4,13043 ,5260 ,982 ,269 ,713 
2022,305,305,305,305,South Korea,Gwangju Institute of Science and Technology (GIST),,34.1,13.4,6.1,36.4,100,5.7,7.6,1887 ,122 ,180 ,17 ,163 
2022,305,305,305,305,Russia,HSE University,,34.1,27.4,28.1,94.1,1.9,2.3,16.5,42852 ,4535 ,7127 ,357 ,6770 
2022,307,307,307,307,United Kingdom,University of East Anglia (UEA),,34,19.7,10.9,19.5,75,59.1,59.9,15964 ,3541 ,1206 ,313 ,893 
2022,308,308,308,308,Poland,University of Warsaw,,33.9,46.5,53.9,39.6,6.2,2.7,10,37125 ,2892 ,3658 ,216 ,3442 
2022,309,309,309,309,Poland,Jagiellonian University,,33.8,37.6,45.8,60.8,6.1,1.7,11.7,33790 ,2907 ,4089 ,141 ,3948 
2022,309,309,309,309,Denmark,University of Southern Denmark (SDU),,33.8,19.5,23.8,39.4,51.6,77.8,28.2,17576 ,2511 ,1760 ,540 ,1220 
2022,311,311,311,311,United States,Indiana University Bloomington,,33.7,37.8,28.1,33,35.2,26.5,12.4,41724 ,3722 ,3837 ,700 ,3137 
2022,311,311,311,311,Germany,University of Cologne,,33.7,37.8,33.9,28.6,26.7,46.6,33.3,31207 ,4890 ,2724 ,629 ,2095 
2022,311,311,311,311,United States,University of Miami,,33.7,24.2,28.9,62.5,29.3,16.5,36,16166 ,2646 ,2565 ,743 ,1822 
2022,314,314,314,314,Taiwan,National Taiwan University of Science and Technology (Taiwan Tech),臺灣科技大學,33.6,25.8,28.9,56.1,31.7,13.8,40.3,8811 ,1537 ,1005 ,141 ,864 
2022,314,314,314,314,France,Universit? Grenoble Alpes,,33.6,44.4,12.2,9.5,50.3,11.5,38.8,52060 ,8880 ,3088 ,402 ,2686 
2022,316,316,316,316,Italy,University of Milan,,33.5,49.7,17.4,6.2,49.9,2.9,7.7,49944 ,3269 ,2516 ,157 ,2359 
2022,317,317,317,317,Spain,IE University,,33.4,7.3,48,76.4,2.7,94,100,4860 ,3917 ,662 ,249 ,413 
2022,317,317,317,317,Russia,RUDN University,,33.4,17,29.3,91.7,1.6,3.5,93.2,24378 ,8319 ,3890 ,273 ,3617 
2022,319,319,319,319,Russia,National Research Nuclear University MEPhI (Moscow Engineering Physics Institute),,33.1,9.4,11,99,10,37.2,89.2,5016 ,1590 ,998 ,209 ,789 
2022,319,319,319,319,Spain,Universitat Polit?cnica de Catalunya · BarcelonaTech (UPC),,33.1,33.1,28.8,53.5,22.9,4.2,26.9,22262 ,3101 ,2485 ,198 ,2287 
2022,321,321,321,321,Australia,Swinburne University of Technology,,33,13.9,19,15.3,65.9,98.6,85.1,13478 ,4000 ,946 ,407 ,539 
2022,322,322,322,322,United Kingdom,University of Dundee,,32.9,19.4,15.9,47,29.4,97,64.6,12936 ,3025 ,953 ,482 ,471 
2022,322,322,322,322,Germany,Friedrich-Alexander-Universit?t Erlangen-N?rnberg,,32.9,22.8,15.4,2.2,99.3,10.2,26.4,35875 ,4943 ,1107 ,137 ,970 
2022,322,322,322,322,Argentina,Pontificia Universidad Cat?lica Argentina,,32.9,18.9,45.8,99.6,1.1,1.2,7.4,16780 ,1063 ,3805 ,49 ,3756 
2022,322,322,322,322,,University of Macau,,32.9,10.7,6.8,18.7,70.8,100,97.1,10340 ,3921 ,778 ,618 ,160 
2022,326,326,326,326,Denmark,Aalborg University,,32.8,19.9,32.6,42.4,41.3,64.9,29.3,16952 ,2474 ,1716 ,468 ,1248 
2022,326,326,326,326,Australia,University of South Australia,,32.8,23.1,16.7,20.6,45.6,100,70.4,19593 ,4886 ,1524 ,791 ,733 
2022,328,328,328,328,Kazakhstan,L.N. Gumilyov Eurasian National University (ENU),,32.7,21,27.2,98.6,1.3,21.9,7.3,17243 ,1077 ,3350 ,665 ,2685 
2022,329,329,329,329,Sweden,Link?ping University,,32.5,20.1,27.9,29.8,57.8,53.6,26.5,16511 ,2514 ,1471 ,363 ,1108 
2022,330,330,330,330,United Kingdom,"City, University of London",,32.4,20.4,23.4,10.2,49.6,97,99.9,15158 ,7362 ,970 ,392 ,578 
2022,330,330,330,330,Israel,Technion - Israel Institute of Technology,,32.4,26.2,28.4,27.4,51,61.7,4.2,13076 ,526 ,1616 ,561 ,1055 
2022,332,332,332,332,United Kingdom,"Birkbeck, University of London",,32.3,12.5,3.6,15.1,69.8,98.7,98.2,8051 ,3214 ,585 ,254 ,331 
2022,332,332,332,332,Malaysia,Taylor's University,,32.3,18.9,73.4,48.6,4.8,36.5,94.8,4231 ,1704 ,578 ,120 ,458 
2022,334,334,334,334,China (Mainland),Huazhong University of Science and Technology,,32.2,21.2,32.6,13.2,86.6,2,5,60253 ,2796 ,4014 ,171 ,3843 
2022,334,334,334,334,Taiwan,National Taiwan Normal University,師範大學,32.2,32.1,14.2,73.2,7.7,4.1,28.3,10468 ,1499 ,1374 ,107 ,1267 
2022,334,334,334,334,Italy,Politecnico di Torino,,32.2,34.7,50.4,2.6,52.4,1.5,40.5,30705 ,5369 ,1050 ,30 ,1020 
2022,334,334,334,334,United Kingdom,Royal Holloway University of London,,32.2,17.7,10,20.1,52.2,96.5,93.6,10772 ,3705 ,831 ,331 ,500 
2022,334,334,334,334,China (Mainland),Tianjin University,,32.2,19.6,4.6,27,88,3.4,12.3,27355 ,3425 ,3147 ,218 ,2929 
2022,334,334,334,334,Canada,University of Victoria (UVic),,32.2,17.3,10.2,3.3,74.9,92.9,76.3,22514 ,6135 ,865 ,319 ,546 
2022,340,340,340,340,Germany,Goethe-University Frankfurt am Main,,32.1,46.8,34.5,22.4,19,0,30.5,45233 ,6749 ,3623 ,0 ,3623 
2022,340,340,340,340,United States,University of Hawai?i at M?noa,,32.1,16.2,13.7,54.1,51.8,40.9,17.2,14628 ,1586 ,1640 ,358 ,1282 
2022,342,342,342,342,United States,Northeastern University,,31.9,20.7,14.9,22.7,46.7,68.2,94.9,21414 ,7595 ,1723 ,484 ,1239 
2022,343,343,343,343,Japan,Hiroshima University,,31.8,22.5,12.5,89.9,11.9,4.2,17.8,15220 ,1680 ,2366 ,188 ,2178 
2022,344,344,344,344,Brunei,Universiti Teknologi Brunei,,31.7,12.6,9.3,93.4,7.4,99.7,9,1030 ,75 ,169 ,79 ,90 
2022,344,344,344,344,Germany,Universit?t Jena,,31.7,19.7,3.3,99.9,10.6,0,25,17245 ,2307 ,3974 ,0 ,3974 
2022,346,346,346,346,United States,Virginia Polytechnic Institute and State University,,31.6,28.5,28.9,24.6,41.1,56,24.5,33864 ,4477 ,2802 ,721 ,2081 
2022,347,347,347,347,Russia,Kazan (Volga region) Federal University,,31.4,19,7.6,88.4,3.8,3.6,86.3,23174 ,8375 ,3847 ,279 ,3568 
2022,347,347,347,347,Malaysia,UCSI University,,31.4,17.8,52.2,61,3.6,42.5,76.8,5954 ,1597 ,744 ,210 ,534 
2022,347,347,347,347,United States,"University of California, Santa Cruz",,31.4,19.7,5.7,7.5,89.1,52.6,17.8,19242 ,2130 ,1045 ,256 ,789 
2022,347,347,347,347,Germany,Universit?t Stuttgart,,31.4,24.3,36.6,5.1,66.4,25.5,46.2,16035 ,3028 ,932 ,167 ,765 
2022,351,351,351,351,United Kingdom,Brunel University London,,31.3,11.5,15.6,11.7,64,99.8,97.9,13490 ,5305 ,860 ,410 ,450 
2022,351,351,351,351,Spain,Universidad Carlos III de Madrid (UC3M),,31.3,30.9,47.5,54.8,6.4,16,20.2,18793 ,2110 ,2119 ,316 ,1803 
2022,351,351,351,351,Russia,Ural Federal University - UrFU,,31.3,21.4,12,94.6,2,3.5,38.7,29868 ,5089 ,5009 ,353 ,4656 
2022,354,354,354,354,Austria,Johannes Kepler University Linz,,31.2,11.3,14.6,75.2,24.5,76.9,26.6,5590 ,774 ,897 ,273 ,624 
2022,355,355,355,355,United States,George Washington University,,31.1,27.2,32,34.3,33.5,20.8,46,21363 ,4024 ,2016 ,334 ,1682 
2022,356,356,356,356,Netherlands,Tilburg University,,31,15.4,36.3,13.6,55.9,93.3,50,11063 ,2189 ,745 ,277 ,468 
2022,356,356,356,356,Portugal,University of Lisbon,,31,40.3,20.2,13.3,39.2,2.8,41.2,48404 ,8546 ,3389 ,206 ,3183 
2022,358,358,358,358,China (Mainland),Nankai University,,30.9,22.9,5.2,31.9,71,5.7,5.3,30568 ,1488 ,2846 ,268 ,2578 
2022,358,358,358,358,Pakistan,National University of Sciences And Technology (NUST) Islamabad,,30.9,18.1,57.7,78.1,9.1,1.3,5.2,11737 ,563 ,1608 ,31 ,1577 
2022,358,358,358,358,Finland,University of Jyv?skyl?,,30.9,16.6,13.7,87.2,20.4,21.9,3.4,10457 ,339 ,1573 ,266 ,1307 
2022,358,358,358,358,United States,University of Utah,,30.9,16.8,8.7,64.9,46,8.9,10.1,27299 ,2134 ,3345 ,373 ,2972 
2022,362,362,362,362,South Korea,Ewha Womans University,,30.8,23,20.1,81.1,10.4,2.3,21.2,17273 ,2105 ,2436 ,124 ,2312 
2022,362,362,362,362,Australia,La Trobe University,,30.8,20.7,23.8,6.4,45.5,95.3,97.5,24518 ,9456 ,1252 ,484 ,768 
2022,362,362,362,362,Russia,MGIMO University,,30.8,13.3,21.4,100,1.3,5.6,54.2,7296 ,1517 ,1739 ,162 ,1577 
2022,365,365,365,365,Russia,ITMO University,,30.5,12.4,14.2,94.7,7.4,13.6,57.6,10814 ,2337 ,1849 ,258 ,1591 
2022,365,365,365,365,Sweden,Umea University,,30.5,20.1,12.4,79.3,20.2,11.6,11.2,14194 ,1186 ,1966 ,257 ,1709 
2022,365,365,365,365,Germany,University Ulm,,30.5,8.1,4.9,82.9,38.1,26.9,22.3,10271 ,1289 ,1473 ,270 ,1203 
2022,368,368,368,368,Oman,Sultan Qaboos University,,30.4,14.8,13.7,76.9,12.1,100,3.9,6755 ,248 ,916 ,489 ,427 
2022,369,369,369,369,Norway,Norwegian University of Science And Technology,,30.3,32.9,25,26.9,27.1,63.8,10.5,36683 ,2950 ,3132 ,846 ,2286 
2022,369,369,369,369,Brazil,Universidade Federal do Rio de Janeiro,,30.3,54.5,25.1,17.9,10.2,3.1,1.8,43663 ,555 ,3983 ,256 ,3727 
2022,371,371,371,371,Spain,Universitat Polit?cnica de Val?ncia,,30,25.5,12.3,72.8,13.5,2.2,21.2,21244 ,2589 ,2645 ,127 ,2518 
2022,372,372,372,372,New Zealand,Lincoln University,,29.8,8.3,8.5,47.6,30.2,99.2,99.1,2123 ,898 ,231 ,106 ,125 
2022,373,373,373,373,China (Mainland),Beijing Institute of Technology,,29.6,21.5,15.3,33.7,61.3,1.4,5,31656 ,1469 ,2811 ,67 ,2744 
2022,373,373,373,373,Czechia,"University of Chemistry and Technology, Prague",,29.6,6.6,8.7,99.8,13.9,6.9,57.4,4006 ,864 ,903 ,93 ,810 
2022,373,373,373,373,United States,University of Connecticut,,29.6,15.8,11.7,15.3,75.4,44.9,31.1,24946 ,3765 ,1328 ,360 ,968 
2022,373,373,373,373,New Zealand,University of Waikato,,29.6,19.9,16.4,11.1,44.5,99.2,76.5,8489 ,2270 ,595 ,274 ,321 
2022,377,377,377,377,Finland,University of Oulu,,29.5,16.4,20.9,31.5,60.6,40.1,6.8,9759 ,579 ,883 ,191 ,692 
2022,378,378,378,378,Germany,Julius-Maximilians-Universit?t W?rzburg,,29.4,16.5,6.6,4.4,95.1,30.1,11.6,22744 ,1951 ,953 ,183 ,770 
2022,378,378,378,378,Pakistan,Quaid-i-Azam University,,29.4,15.1,29.7,2.1,98.3,1.3,1.4,15094 ,115 ,452 ,9 ,443 
2022,378,378,378,378,United States,"Stony Brook University, State University of New York",,29.4,20.1,10.3,34.6,41,31.7,70.8,24741 ,6198 ,2316 ,454 ,1862 
2022,381,381,381,381,Iran,Sharif University of Technology,,29.3,12.1,25.1,9.8,98.1,2.5,2.7,8089 ,198 ,495 ,27 ,468 
2022,381,381,381,381,Japan,Tokyo Medical and Dental University (TMDU),,29.3,10.8,5.6,100,16.9,1.3,17.2,3002 ,325 ,930 ,19 ,911 
2022,383,383,383,383,United Arab Emirates,American University of Sharjah,,29.1,18.9,27.2,28.4,15.2,100,100,4266 ,3100 ,371 ,369 ,2 
2022,383,383,383,383,China (Mainland),Beihang University (former BUAA),,29.1,14.4,5.3,25.7,85.4,2.7,5.8,30102 ,1575 ,2529 ,145 ,2384 
2022,383,383,383,383,United Kingdom,University of Kent,,29.1,20,8.9,21.6,40.2,98.8,56.1,16530 ,3515 ,1310 ,570 ,740 
2022,386,386,386,386,Japan,Kobe University,,28.9,26.8,33.2,59,11.7,2.5,10.1,15563 ,1216 ,1986 ,108 ,1878 
2022,387,387,387,387,United States,University of Kansas,,28.8,15.3,16.8,78.6,13.3,39.5,11,24377 ,2014 ,3357 ,967 ,2390 
2022,388,388,388,388,United States,University at Buffalo SUNY,,28.7,18.8,11.8,6.9,66.2,73.9,31.2,29177 ,4409 ,1530 ,453 ,1077 
2022,388,388,388,388,Italy,University of Pisa,,28.7,40.5,16.5,7.8,44.1,2,4.9,32656 ,1507 ,1796 ,78 ,1718 
2022,390,390,390,390,Italy,Universit? Vita-Salute San Raffaele,,28.6,3.2,1.5,99.3,34.5,1.9,4,2459 ,94 ,451 ,18 ,433 
2022,391,391,391,391,United Kingdom,SOAS University of London,,28.5,19.9,12.8,30.4,15.4,100,100,4684 ,2398 ,418 ,231 ,187 
2022,391,391,391,391,Argentina,Universidad de Palermo (UP),,28.5,9.1,10.9,89.3,1.1,14.1,97.1,5401 ,2049 ,833 ,118 ,715 
2022,393,393,393,393,Russia,Peter the Great St. Petersburg Polytechnic University,,28.4,13.1,9.3,83.2,3.8,5.9,88.5,16355 ,5121 ,2355 ,226 ,2129 
2022,393,393,393,393,Germany,Ruhr-Universit?t Bochum,,28.4,22.5,10,2,78.7,11.8,31.6,43113 ,6564 ,1232 ,162 ,1070 
2022,395,395,395,395,India,Indian Institute of Technology Guwahati (IITG),,28.3,13.2,14.5,12,94.8,1.4,1.3,6969 ,42 ,410 ,10 ,400 
2022,395,395,395,395,Russia,National Research Tomsk Polytechnic University,,28.3,9.6,8.1,89.1,6.2,3.8,85.6,9192 ,2757 ,1550 ,116 ,1434 
2022,395,395,395,395,Peru,Pontificia Universidad Catolica del Peru,,28.3,39.9,66.1,25.6,1.7,1.6,1.7,25652 ,292 ,2369 ,73 ,2296 
2022,398,398,398,398,Pakistan,Pakistan Institute of Engineering and Applied Sciences (PIEAS),,28.2,5.4,6.9,93.1,33.2,0,0,1129 ,0 ,180 ,0 ,180 
2022,399,399,399,399,Philippines,University of the Philippines,,28.1,33.9,42.1,48.3,1.9,1.1,1.4,41961 ,292 ,4480 ,43 ,4437 
2022,400,400,400,400,India,Indian Institute of Technology Roorkee (IITR),,28,14.8,19.3,10.3,88.8,1,2.6,8373 ,202 ,628 ,0 ,628 
2022,400,400,400,400,Argentina,Universidad Austral,,28,15.4,38.8,85,1.7,1.2,9.7,4391 ,334 ,663 ,10 ,653 
2022,400,400,400,400,Lithuania,Vilnius University,,28,20.7,21.2,80.3,3.8,3.6,9.3,17341 ,1290 ,2461 ,176 ,2285 
2022,403,403,403,403,Czechia,Czech Technical University in Prague,,27.9,19.8,36.7,60.5,5.6,10.3,49.5,15276 ,3006 ,2628 ,326 ,2302 
2022,403,403,403,403,China (Mainland),Shandong University,,27.9,14.9,26.3,20.8,73.3,3.1,3.9,43644 ,1637 ,3406 ,223 ,3183 
2022,403,403,403,403,United States,"University of California, Riverside",,27.9,17.9,9.3,9.7,65.9,81.2,10.7,25077 ,2034 ,1497 ,563 ,934 
2022,407,407,407,407,Australia,Flinders University,,27.8,13.1,8.4,5.9,54,99.1,94.2,17138 ,5981 ,932 ,416 ,516 
2022,407,407,407,407,China (Mainland),South China University of Technology,,27.8,12.1,3.8,17.3,92.9,3.4,4.3,41024 ,1688 ,3006 ,208 ,2798 
2022,407,407,407,407,Taiwan,Taipei Medical University (TMU),臺北醫學大學,27.8,9.7,12,90.3,16.7,6.4,16.7,5755 ,614 ,999 ,99 ,900 
2022,407,407,407,407,China (Mainland),Xiamen University,,27.8,25.7,8.4,23.5,57.7,2,4,38121 ,1443 ,3106 ,135 ,2971 
2022,411,411,411,411,Germany,Westf?lische Wilhelms-Universit?t M?nster,,27.7,33.7,24.9,37,16,13.1,7.6,44046 ,2845 ,4230 ,581 ,3649 
2022,412,412,412,412,Taiwan,National Sun Yat-sen University,中山大學,27.5,25.5,20,34.7,35.1,9.4,14.1,7846 ,757 ,735 ,89 ,646 
2022,412,412,412,412,Colombia,Pontificia Universidad Javeriana,,27.5,37.5,83.6,17.1,2.2,1.9,1.9,28533 ,415 ,2082 ,82 ,2000 
2022,414,414,414,414,South Korea,Chung-Ang University (CAU),,27.4,15.5,27.7,73.2,9.2,4.8,32.1,20192 ,3099 ,2650 ,226 ,2424 
2022,414,414,414,414,Finland,Lappeenranta-Lahti University of Technology LUT,,27.4,7.3,16.9,17.1,88.1,17.4,15.4,4086 ,399 ,298 ,41 ,257 
2022,414,414,414,414,Finland,Tampere University,,27.4,25.2,24.2,26.4,40.4,20.1,7.6,15435 ,996 ,1310 ,214 ,1096 
2022,414,414,414,414,Malaysia,Universiti Teknologi PETRONAS (UTP),,27.4,16.4,28.8,28.5,36.9,72.6,22.8,5021 ,639 ,438 ,128 ,310 
2022,414,414,414,414,United States,"University of Colorado, Denver",,27.4,8.3,8.5,100,12.7,1.5,10.6,15786 ,1274 ,5319 ,152 ,5167 
2022,414,414,414,414,China (Mainland),University of Science and Technology Beijing,,27.4,15,4.3,12.8,90.4,1.5,3.5,24368 ,818 ,1605 ,42 ,1563 
2022,414,414,414,414,Canada,Universit? Laval,,27.4,20.6,19.3,31.7,31.8,56.7,31.2,24309 ,3673 ,2290 ,581 ,1709 
2022,421,421,421,421,Greece,National Technical University of Athens,,27.3,19.2,40.5,6.1,69.1,1,7.1,13732 ,846 ,689 ,2 ,687 
2022,421,421,421,421,France,Universit? de Strasbourg,,27.3,42.2,7.3,5.5,27.4,21.4,39.3,52972 ,9111 ,2544 ,426 ,2118 
2022,423,423,423,423,Germany,Universit?t Mannheim,,27.2,17.2,48.3,2.2,64.6,15.6,24.1,9839 ,1290 ,307 ,45 ,262 
2022,424,424,424,424,Australia,James Cook University,,27.1,15.1,11.3,9.5,65.1,64.7,33.8,8709 ,1169 ,819 ,146 ,673 
2022,424,424,424,424,Italy,University of Naples - Federico II,,27.1,32.5,14.6,5.1,57.1,1.2,1.1,49485 ,128 ,2299 ,38 ,2261 
2022,424,424,424,424,South Africa,University of Witwatersrand,,27.1,24.9,30.3,12.4,36.4,76.1,9.5,24963 ,1885 ,1626 ,491 ,1135 
2022,427,427,427,427,Germany,Johannes Gutenberg Universit?t Mainz,,27,21.8,15,54.5,20.3,15.2,19.6,30855 ,3605 ,3473 ,507 ,2966 
2022,427,427,427,427,United States,Washington State University,,27,27,26.2,15.1,38,49.4,7.3,27704 ,1731 ,1935 ,459 ,1476 
2022,429,429,429,429,United Kingdom,Oxford Brookes University,,26.9,26.6,53.1,13.9,10.3,55.4,65.4,14579 ,3439 ,989 ,248 ,741 
2022,429,429,429,429,United States,Wake Forest University,,26.9,5.8,8.1,100,14,2,14.8,8121 ,805 ,2276 ,98 ,2178 
2022,431,431,431,431,United States,Colorado State University,,26.8,19.5,20.9,59.4,20.6,10,6.6,26464 ,1547 ,3115 ,382 ,2733 
2022,431,431,431,431,United States,Rensselaer Polytechnic Institute,,26.8,9.2,7.9,26.7,69.7,1.8,57,7419 ,1594 ,639 ,0 ,639 
2022,431,431,431,431,Portugal,Universidade Nova de Lisboa,,26.8,27.1,22.7,25.1,26.4,8.3,57,20625 ,4427 ,1720 ,194 ,1526 
2022,434,434,434,434,Brazil,Universidade Federal de S?o Paulo,,26.7,11.9,5.5,97.4,8.2,1.9,1.7,13581 ,153 ,2451 ,101 ,2350 
2022,434,434,434,434,South Africa,University of Johannesburg,,26.7,14.5,18.6,40.7,16.9,92.1,55.9,18941 ,4016 ,1886 ,701 ,1185 
2022,436,436,436,436,China (Mainland),Shanghai University,,26.6,24,8.9,50.5,18.3,37.1,7.4,38213 ,2413 ,4156 ,870 ,3286 
2022,436,436,436,436,United States,Tulane University,,26.6,10.1,4.8,90.3,14.3,5.3,16.5,11077 ,1172 ,1733 ,157 ,1576 
2022,436,436,436,436,Australia,University of Canberra,,26.6,14,11.3,3.2,49.2,99.7,85.1,10517 ,3132 ,395 ,192 ,203 
2022,439,439,439,439,United Kingdom,"Essex, University of",,26.5,17.5,10.9,11.6,30.4,100,98.9,14722 ,6124 ,1044 ,524 ,520 
2022,440,440,440,440,United Kingdom,Swansea University,,26.3,15.8,24.5,32.3,25,65.2,53.1,17744 ,3641 ,1620 ,443 ,1177 
2022,440,440,440,440,Cyprus,University of Cyprus (UCY),,26.3,9,4.2,5.5,81.2,72.7,24.3,6636 ,874 ,318 ,93 ,225 
2022,440,440,440,440,Italy,University of Trento,,26.3,24.9,10.1,16.6,54.8,13.3,5.9,13876 ,738 ,1066 ,147 ,919 
2022,440,440,440,440,Norway,University of Troms? The Arctic University of Norway,,26.3,13.2,4,75.4,9.1,63.3,9,15746 ,1134 ,2107 ,567 ,1540 
2022,444,444,444,444,United States,Illinois Institute of Technology,,26.2,15.1,8,14.2,54.8,10.3,98.7,5875 ,2330 ,402 ,50 ,352 
2022,445,445,445,445,South Korea,HUFS - Hankuk (Korea) University of Foreign Studies,,26.1,11.7,23.8,79,1.6,16.1,39.5,17022 ,2933 ,2353 ,352 ,2001 
2022,445,445,445,445,Egypt,The American University in Cairo,,26.1,26.8,20.9,37.8,4.2,92,3.7,5972 ,213 ,578 ,210 ,368 
2022,447,447,447,447,Saudi Arabia,Umm Al-Qura University,,26,14.9,10.4,62.5,1.8,100,20.1,30136 ,3566 ,3619 ,1814 ,1805 
2022,447,447,447,447,Germany,Universit?t Leipzig,,26,25.3,7.2,61.1,9.9,0,17.9,28647 ,3174 ,4119 ,0 ,4119 
2022,447,447,447,447,Germany,Universit?t des Saarlandes,,26,11.6,7.7,82.5,9,1.9,42.5,16356 ,2939 ,2823 ,0 ,2823 
2022,450,450,450,450,Italy,University of Milano-Bicocca,,25.9,19.5,10.7,1.5,81.2,0,7.8,32698 ,2153 ,784 ,0 ,784 
2022,451,451,451,451,New Zealand,Auckland University of Technology (AUT),,25.8,20.3,20.6,11.9,15.6,100,100,18219 ,8926 ,1171 ,630 ,541 
2022,451,451,451,451,Australia,Bond University,,25.8,4.8,7.5,46.3,19.1,99,99,3099 ,1302 ,325 ,143 ,182 
2022,451,451,451,451,China (Mainland),Sichuan University,,25.8,17.7,4.7,18.9,69.7,3.2,6.1,49543 ,2714 ,3173 ,133 ,3040 
2022,451,451,451,451,Italy,University of Florence,,25.8,32.5,7.3,6,48.2,2.7,19.9,35726 ,4203 ,1775 ,102 ,1673 
2022,455,455,455,455,United States,Brandeis University,,25.7,10.9,4.5,52.1,28.8,10.6,81.5,5476 ,1554 ,611 ,80 ,531 
2022,455,455,455,455,Portugal,University of Coimbra,,25.7,28.6,17.3,16.8,32,3.6,48.8,22963 ,4477 ,1740 ,126 ,1614 
2022,455,455,455,455,United States,University of Iowa,,25.7,20.7,14.9,46.1,29.1,7,9.1,27922 ,2049 ,2924 ,304 ,2620 
2022,458,458,458,458,Canada,University of Saskatchewan,,25.6,11.8,12,26.7,41,67.8,52.4,16622 ,3382 ,1415 ,396 ,1019 
2022,459,459,459,459,Spain,Universidad Polit?cnica de Madrid (UPM),,25.5,30.2,53.2,19.3,11.4,1.4,35.6,32712 ,5319 ,2486 ,54 ,2432 
2022,459,459,459,459,Switzerland,University of St.Gallen (HSG),,25.5,9.2,50.6,6.3,32.1,100,78.5,8738 ,2390 ,444 ,240 ,204 
2022,461,461,461,461,United States,Colorado School of Mines,,25.4,8.2,10.5,28.4,70.5,9.1,15.1,6248 ,627 ,544 ,64 ,480 
2022,461,461,461,461,Russia,Far Eastern Federal University,,25.4,6.8,3.2,90.6,2,6.3,67.9,13247 ,3262 ,2268 ,224 ,2044 
2022,461,461,461,461,United Kingdom,"Goldsmiths, University of London",,25.4,18.4,8.7,18.3,21.3,85,97.3,9144 ,3492 ,683 ,226 ,457 
2022,461,461,461,461,Germany,Martin-Luther-Universit?t Halle-Wittenberg,,25.4,14.7,6.5,85,6,0,11.2,20053 ,1682 ,2942 ,0 ,2942 
2022,465,465,465,465,Indonesia,Airlangga University,,25.3,27.4,49.3,44,1.2,2.9,2.2,26723 ,495 ,2983 ,91 ,2892 
2022,465,465,465,465,Iran,Amirkabir University of Technology,,25.3,5.4,18,4.8,99.3,6.7,2.3,11550 ,235 ,525 ,73 ,452 
2022,465,465,465,465,China (Mainland),Southeast University,,25.3,12,5.6,33.6,63.8,2.7,4.3,36827 ,1500 ,3409 ,197 ,3212 
2022,465,465,465,465,Argentina,Universidad de Belgrano,,25.3,8,19.6,91,1,2.1,30,5126 ,758 ,810 ,37 ,773 
2022,469,469,469,469,Taiwan,National Taipei University of Technology,臺北科技大學,25.2,13.8,47.1,32.9,32.7,10.4,25,7772 ,1040 ,714 ,89 ,625 
2022,469,469,469,469,Uruguay,Universidad de Montevideo (UM),,25.2,14.7,19.8,80.9,1.1,11.9,3.8,2097 ,76 ,295 ,39 ,256 
2022,471,471,471,471,Israel,Ben-Gurion University of The Negev,,25.1,14.4,15.3,13.9,55.8,56.3,18.3,15630 ,1755 ,1060 ,268 ,792 
2022,471,471,471,471,Belgium,Hasselt University,,25.1,4.5,4,76,19.3,49.8,24.8,5529 ,736 ,743 ,177 ,566 
2022,471,471,471,471,Uruguay,Universidad ORT Uruguay,,25.1,11.3,18.4,89.5,1.2,8.6,2,4008 ,62 ,620 ,71 ,549 
2022,471,471,471,471,United Kingdom,University of Stirling,,25.1,11.6,12.6,17.2,44.2,63.3,73.2,9961 ,2563 ,728 ,196 ,532 
2022,475,475,475,475,United States,Florida State University,,25,28.3,38.9,9.8,36,5.7,4.5,37825 ,1618 ,2236 ,211 ,2025 
2022,476,476,476,476,United States,"University of Missouri, Columbia",,24.9,16.5,16.7,46.1,24.9,41.7,5.6,24842 ,1273 ,2600 ,580 ,2020 
2022,477,477,477,477,Israel,Bar-Ilan University,,24.8,9.4,7.4,7.7,81.7,40.3,6.7,16809 ,990 ,923 ,200 ,723 
2022,477,477,477,477,Japan,Chiba University,,24.8,16.3,7,73.2,12,2.2,6,13640 ,736 ,1790 ,87 ,1703 
2022,477,477,477,477,United States,University of Texas Dallas,,24.8,15.5,17.8,4.8,66.7,2.6,46.1,25630 ,4828 ,1140 ,40 ,1100 
2022,480,480,480,480,Taiwan,Chang Gung University,長庚大學,24.7,4.7,4.3,65.6,44.1,1.5,6.2,6878 ,381 ,889 ,25 ,864 
2022,480,480,480,480,Belgium,Universit? de Li?ge,,24.7,19,20.6,19,34.1,33.6,52.8,21405 ,4381 ,1619 ,325 ,1294 
2022,482,482,482,482,Kazakhstan,Auezov South Kazakhstan University (SKU),,24.6,9.6,9.9,90.8,1,5.5,20.7,18418 ,2220 ,2902 ,268 ,2634 
2022,482,482,482,482,South Africa,Stellenbosch University,,24.6,24.5,27.4,3.6,51.7,8.9,9.7,23260 ,1776 ,934 ,109 ,825 
2022,482,482,482,482,South Korea,The Catholic University of Korea,,24.6,4.8,2.5,97.9,12.2,1.2,4.3,9091 ,370 ,1668 ,23 ,1645 
2022,485,485,485,485,United Kingdom,Aston University,,24.5,12.5,28.8,12,38.5,97.4,31.4,11334 ,1719 ,730 ,299 ,431 
2022,485,485,485,485,Italy,University of Turin,,24.5,34.2,7.9,3.5,42.9,2.3,10.8,57661 ,4721 ,2261 ,115 ,2146 
2022,487,487,487,487,Russia,The National University of Science and Technology MISIS,,24.4,8.5,11.3,70.6,11.3,4.6,63.3,7129 ,1605 ,915 ,77 ,838 
2022,487,487,487,487,Chile,Universidad de Santiago de Chile (USACH),,24.4,37.6,63.1,8.8,4.8,2.3,2.5,22927 ,503 ,1334 ,66 ,1268 
2022,487,487,487,487,Japan,Yokohama City University,,24.4,4.6,2.9,99.8,10.1,1.5,2.4,5087 ,108 ,889 ,25 ,864 
2022,490,490,490,490,Ireland,Dublin City University,,24.3,18.7,30.1,30.7,13.8,70.7,25.8,14030 ,1415 ,1257 ,365 ,892 
2022,490,490,490,490,Germany,Justus-Liebig-University Giessen,,24.3,12,8.3,1.5,87.2,5.2,11.6,26785 ,2291 ,611 ,55 ,556 
2022,492,492,492,492,Brazil,UNESP,,24.2,33.7,21.9,25.3,15.5,1.9,4,40371 ,1491 ,2794 ,120 ,2674 
2022,492,492,492,492,Spain,University of Granada,,24.2,40,9.7,7.3,23.3,1.5,18.4,49856 ,5611 ,2682 ,70 ,2612 
2022,494,494,494,494,Australia,Western Sydney University,,24.1,17.7,22.5,5.7,30,100,50.8,35641 ,7123 ,1620 ,939 ,681 
2022,494,494,494,494,United States,Boston College,,24.1,22.3,21.6,29.8,29.1,4.9,18.1,13187 ,1471 ,1048 ,91 ,957 
2022,494,494,494,494,Germany,Christian-Albrechts-University zu Kiel,,24.1,19.2,9.2,51.2,22.9,0,10.8,26390 ,2161 ,2889 ,0 ,2889 
2022,494,494,494,494,South Korea,Dongguk University,,24.1,9.4,9.4,82.8,7.4,3.6,21.2,18605 ,2270 ,2668 ,192 ,2476 
2022,494,494,494,494,United States,Iowa State University,,24.1,19.3,14.3,10.1,60.4,2.5,12.4,27351 ,2441 ,1656 ,80 ,1576 
2022,494,494,494,494,South Korea,Sogang University,,24.1,18.2,38.4,47.2,9.1,2.8,30.2,9625 ,1429 ,1017 ,61 ,956 
2022,494,494,494,494,Italy,"University of Rome ""Tor Vergata""",,24.1,30.7,14.6,6,37.7,2.1,28.9,24043 ,3505 ,1446 ,67 ,1379 
2022,501,501,501,501,Canada,York University,,24,22.4,36.4,8.1,22.2,24.2,81.9,43062 ,12285 ,1508 ,337 ,1171 
2022,502,502,502,502,France,Aix-Marseille University,,23.9,36.6,3.8,9.9,26.2,7.9,23,67724 ,8651 ,4069 ,450 ,3619 
2022,503,503,503,503,China (Mainland),Jilin University,,23.8,13.8,34.9,44.6,26.1,4.7,2.5,68551 ,1570 ,7078 ,597 ,6481 
2022,504,504,504,504,Kazakhstan,Satbayev University,,23.8,15.2,21.4,75.6,1.4,2.4,1.9,9243 ,131 ,1281 ,98 ,1183 
2022,505,505,505,505,Cuba,Universidad de La Habana,,23.8,18.1,26.8,64.9,1.8,1.2,4.9,12248 ,564 ,1501 ,19 ,1482 
2022,505,505,505,505,France,University of Bordeaux,,23.8,32.4,5.5,26.6,15,18.6,23.6,48651 ,5643 ,3195 ,442 ,2753 
2022,507,507,507,507,India,University of Delhi,,23.7,35.3,32.3,5.5,24.8,1.1,1.8,25235 ,322 ,1171 ,8 ,1163 
2022,508,508,508,508,Austria,University of Klagenfurt,,23.6,4.5,3,52.9,12.7,92.9,78.4,3477 ,950 ,427 ,157 ,270 
2022,509,509,509,509,Ireland,University of Limerick,,23.6,17.2,29.3,15.7,25.3,89.7,26.4,13464 ,1857 ,952 ,337 ,615 
2022,510,510,510,510,Germany,Universit?t Konstanz,,23.5,22.4,5.8,32,18.1,61.4,17.2,11428 ,1239 ,1039 ,275 ,764 
2022,511,511,511,511,Poland,Warsaw University of Technology,,23.5,26,53,31,5.9,1.2,11.3,21887 ,1839 ,2306 ,37 ,2269 
2022,512,512,512,512,Indonesia,Bogor Agricultural University,,23.4,18.9,21,55.1,1.6,43.3,3.3,23558 ,745 ,3353 ,750 ,2603 
2022,513,513,513,513,Turkey,Ko? University,,23.4,18.5,27.5,39.5,19.7,17.2,6.5,6369 ,368 ,560 ,86 ,474 
2022,514,514,514,514,United States,Missouri University of Science and Technology,,23.3,3.4,4.7,7.7,79.3,73.1,11.2,6662 ,557 ,369 ,128 ,241 
2022,515,515,515,515,Singapore,Singapore Management University,,23.2,11.6,18.7,15.1,27.4,100,67.2,8407 ,2040 ,590 ,348 ,242 
2022,516,516,516,516,Spain,Universidad de Alcal?,,23.2,9.8,10.2,66.8,4.7,6.3,72.5,17873 ,4560 ,2694 ,266 ,2428 
2022,517,517,517,517,Malaysia,Universiti Utara Malaysia (UUM),,23.2,17.4,22.8,43.5,5.5,6.6,73.6,12452 ,3219 ,1273 ,129 ,1144 
2022,518,518,518,518,Lebanon,University of Balamand,,23.1,4.6,12.1,91.1,1.8,5.4,23.3,4234 ,544 ,670 ,61 ,609 
2022,519,519,519,519,Ukraine,V. N. Karazin Kharkiv National University,,23.1,11.9,14.5,66.7,1.6,1.1,64.1,17006 ,3954 ,2091 ,9 ,2082 
2022,520,520,520,520,United States,Wayne State University,,23.1,9.8,5.4,74.5,16.3,5.2,7.3,20343 ,1278 ,2699 ,242 ,2457 
2022,521,521,521,521,China (Mainland),Central South University,,22.9,7.3,2.1,6.3,90.1,2.5,3.2,54940 ,1682 ,2783 ,152 ,2631 
2022,522,522,522,522,China (Mainland),China University of Geosciences,,22.9,4.1,1.3,61.4,42.4,1.1,3.4,26798 ,867 ,3191 ,25 ,3166 
2022,523,523,523,523,Canada,Concordia University,,22.9,14.5,26.1,3.5,27.7,72.2,92.6,34773 ,11717 ,1377 ,401 ,976 
2022,524,524,524,524,Saudi Arabia,Imam Abdulrahman Bin Faisal University (IAU) (formerly UNIVERSITY OF DAMMAM),,22.9,4.5,3.6,77.2,1.8,95.7,3.1,25571 ,759 ,3477 ,1358 ,2119 
2022,525,525,525,525,Taiwan,National Central University,中央大學,22.8,20.5,19.3,30.5,27.7,5,14.9,11021 ,1098 ,985 ,86 ,899 
2022,526,526,526,526,Cuba,"Universidad Central ""Marta Abreu"" de Las Villas",,22.8,6.1,1.3,99.9,1.2,1,1.9,7213 ,108 ,1750 ,2 ,1748 
2022,527,527,527,527,Germany,University of Bayreuth,,22.8,10,15.6,38.7,34.3,31.8,21.4,8090 ,993 ,892 ,175 ,717 
2022,528,528,528,528,Finland,University of Eastern Finland,,22.7,14.9,11.4,42.5,30.8,13.3,6.3,11913 ,669 ,1207 ,167 ,1040 
2022,529,529,529,529,Iran,University of Tehran,,22.7,22.3,22.7,3.9,52.8,1.2,2.1,44960 ,787 ,2118 ,24 ,2094 
2022,529,529,529,529,France,Universit? de Montpellier,,22.7,20.2,9.6,9.9,49.3,8.1,31.6,40901 ,6229 ,2464 ,276 ,2188 
2022,531,531,531,531,South Korea,Ajou University,,22.7,11.4,10.5,64.1,15.9,2.1,16.2,9554 ,1001 ,1333 ,61 ,1272 
2022,532,532,532,532,China (Mainland),East China Normal University,,22.5,14.6,3.6,30,34.7,45.5,24.7,27826 ,3697 ,2471 ,508 ,1963 
2022,533,533,533,533,Japan,Hitotsubashi University,,22.5,16.5,78.2,28.7,2.7,9.2,22.8,6303 ,802 ,571 ,68 ,503 
2022,533,533,533,533,France,Institut National des Sciences Appliqu?es de Lyon (INSA),,22.5,8.9,28,39.6,16.5,15.3,81.2,6344 ,1795 ,625 ,92 ,533 
2022,535,535,535,535,United States,Lehigh University,,22.4,6,6.6,35.8,44.9,15.1,43,6369 ,1152 ,604 ,156 ,448 
2022,536,536,536,536,Japan,Nagasaki University,,22.4,6.5,2.3,86.2,8.3,2.3,5.4,8768 ,439 ,1303 ,66 ,1237 
2022,537,537,537,537,Russia,National Research Saratov State University,,22.3,4.4,1.9,95,1.9,1.4,17.4,10153 ,1109 ,1718 ,43 ,1675 
2022,538,538,538,538,United States,Oregon State University,,22.3,17.5,8,28,38.1,7.3,18.2,24769 ,2769 ,2147 ,179 ,1968 
2022,539,539,539,539,Lebanon,Saint Joseph University of Beirut (USJ),,22.3,9.7,30.5,49,2.6,86,19.2,8287 ,955 ,941 ,315 ,626 
2022,540,540,540,540,Russia,Southern Federal University,,22.1,8.1,3.4,81.4,1.9,1.3,35,17931 ,2905 ,2631 ,55 ,2576 
2022,541,541,541,541,Costa Rica,Universidad de Costa Rica,,22.1,28.2,45.9,31.4,1.8,0,0,33136 ,2986 ,0 ,0 ,0 
2022,542,542,542,542,Spain,Universidad de Zaragoza,,22.1,21.8,4.9,49.7,11.8,1.2,10.2,28085 ,2216 ,2834 ,38 ,2796 
2022,543,543,543,543,United States,University of Delaware,,22.1,10.5,10.8,9.2,66.6,21.8,17,21747 ,2337 ,1272 ,215 ,1057 
2022,544,544,544,544,United Kingdom,Aberystwyth University,,22.1,9.8,7.5,24.3,35.7,44.7,60,6264 ,1392 ,516 ,117 ,399 
2022,545,545,545,545,Iran,Iran University of Science and Technology,,22,6.4,12.6,2.7,87.5,0,1.5,15299 ,138 ,532 ,0 ,532 
2022,546,546,546,546,South Korea,Kyungpook National University,,21.9,13.5,17.3,55.7,15.1,2.4,10.7,21088 ,1712 ,2711 ,143 ,2568 
2022,546,546,546,546,Japan,Niigata University,,21.9,4.7,2.8,91.2,6.3,1.8,3.9,12375 ,457 ,1960 ,75 ,1885 
2022,548,548,548,548,China (Mainland),Northwestern Polytechnical University,,21.9,4.9,2.1,55.8,40.1,8.1,5,30622 ,1423 ,3483 ,389 ,3094 
2022,549,549,549,549,Turkey,Sabanci University,,21.9,15.6,20,39.4,18,30.6,16,3944 ,410 ,388 ,75 ,313 
2022,550,550,550,550,United States,The University of Georgia,,21.9,22.1,28.8,13,36,2.3,5.7,36330 ,1879 ,2406 ,121 ,2285 
2022,551,551,551,551,United States,University of Tennessee - Knoxville,,21.9,10.9,25.3,15.2,58.4,1.9,3.2,0 ,0 ,0 ,0 ,0 
2022,552,552,552,552,South Korea,University of Ulsan,,21.9,5.8,2.7,64.4,30.6,1.4,4.7,12916 ,571 ,1576 ,35 ,1541 
2022,553,553,553,553,Kazakhstan,Abai Kazakh National Pedagogical University,,21.8,15.4,12,66.2,1.1,16.1,2.7,12646 ,319 ,1994 ,298 ,1696 
2022,554,554,554,554,Greece,Aristotle University of Thessaloniki,,21.8,26.6,25.5,3,35.6,1,14.9,47133 ,4696 ,1737 ,7 ,1730 
2022,555,555,555,555,Kazakhstan,Kazakh National Agrarian University KazNAU,,21.7,12.5,10.4,68.6,1,14.4,20.5,7942 ,952 ,1086 ,155 ,931 
2022,556,556,556,556,Czechia,Masaryk University,,21.7,23.5,25.2,12.1,15.4,15.2,70.4,29280 ,7300 ,1892 ,276 ,1616 
2022,556,556,556,556,Turkey,Middle East Technical University,,21.7,25.4,42.3,7.8,24.1,4.2,13.1,18221 ,1683 ,1049 ,100 ,949 
2022,558,558,558,558,Mexico,Universidad Panamericana (UP),,21.7,7.6,31.1,74.3,1.2,4.9,1.6,12900 ,125 ,1751 ,152 ,1599 
2022,559,559,559,559,Spain,Universidad de Sevilla,,21.6,35.2,10,17.9,9.4,1.5,20,46300 ,5462 ,3704 ,98 ,3606 
2022,560,560,560,560,Hungary,University of Szeged,,21.6,17.7,13.9,45.5,5.1,4.4,59.4,19422 ,4285 ,1965 ,160 ,1805 
2022,561,561,561,561,Italy,Universit? Cattolica del Sacro Cuore,,21.6,22,31.3,39.7,6.5,2,9,25403 ,1849 ,3944 ,172 ,3772 
2022,562,562,562,562,France,Universit? Paul Sabatier Toulouse III,,21.6,20.4,4.4,45.7,11.9,2,27,29033 ,4049 ,3029 ,132 ,2897 
2022,563,563,563,563,Russia,Altai State University,,21.5,5.9,5.4,80.2,1.4,1.8,38.2,8562 ,1449 ,1197 ,46 ,1151 
2022,564,564,564,564,South Korea,Hallym University,,21.5,2.6,1.6,91.7,8,1.6,6.1,7880 ,431 ,1279 ,39 ,1240 
2022,565,565,565,565,South Korea,Inha University,,21.5,7.3,12.8,69.9,12.1,2.1,11.8,17753 ,1533 ,2235 ,102 ,2133 
2022,566,566,566,566,India,Jawaharlal Nehru University,,21.4,28.8,10.5,20.4,23.3,0,3,8523 ,240 ,565 ,0 ,565 
2022,567,567,567,567,Germany,Technische Universit?t Braunschweig,,21.4,10,16.5,62.2,9.1,0,29.7,20012 ,2941 ,2398 ,0 ,2398 
2022,568,568,568,568,United States,The New School,,21.4,13.8,6.4,48.7,3.8,1.9,94.9,10145 ,3599 ,1087 ,45 ,1042 
2022,569,569,569,569,Italy,Universit? degli Studi di Pavia,,21.3,20.6,6.8,6.6,51.6,2.2,13.6,18548 ,1751 ,1116 ,54 ,1062 
2022,570,570,570,570,Switzerland,Universit? de Fribourg,,21.2,10.8,6.8,5.7,39,100,48.9,12011 ,2345 ,589 ,293 ,296 
2022,571,571,571,571,Egypt,Cairo University,,21.2,38.6,26,10.7,2.7,1.2,6,192930 ,10367 ,11924 ,172 ,11752 
2022,572,572,572,572,China (Mainland),Dalian University of Technology,,21.1,8.6,2.6,14.6,69.2,3.6,2.9,42093 ,1128 ,2906 ,211 ,2695 
2022,573,573,573,573,China (Mainland),East China University of Science and Technology,,21.1,7.3,2.7,17.2,71.4,1.2,2.3,28007 ,574 ,2046 ,30 ,2016 
2022,574,574,574,574,Lebanon,Holy Spirit University of Kaslik,,21.1,4.7,10.5,53.5,1.6,99.3,39.2,5182 ,889 ,635 ,286 ,349 
2022,575,575,575,575,China (Mainland),Hunan University,,21.1,7,6.7,11.5,75.3,2,3.4,36502 ,1191 ,2702 ,118 ,2584 
2022,576,576,576,576,Georgia,Ivane Javakhishvili Tbilisi State University,,21,6.8,5.3,85.4,1.2,1.2,3.4,20475 ,662 ,3018 ,35 ,2983 
2022,577,577,577,577,South Korea,Jeonbuk National University,,21,12.5,9.7,58.6,13.2,3.1,8.4,19880 ,1371 ,2345 ,153 ,2192 
2022,578,578,578,578,Japan,Osaka City University,,20.9,9.4,6.7,73.2,8.9,1.9,4.2,8338 ,335 ,1094 ,44 ,1050 
2022,579,579,579,579,Spain,Universitat de Valencia,,20.9,30.1,8.9,11.4,24.8,1.2,11.1,47488 ,3953 ,3004 ,39 ,2965 
2022,580,580,580,580,Portugal,University of Minho,,20.8,14.8,7.9,47.5,15.2,10,24.5,19167 ,2538 ,2182 ,267 ,1915 
2022,581,581,581,581,United States,University of Nebraska - Lincoln,,20.8,10.8,6.1,22.7,38.2,57.5,20.4,23636 ,2805 ,1953 ,499 ,1454 
2022,581,581,581,581,Germany,Universit?t Bremen,,20.8,20.2,6.9,21.5,27.6,28.1,22.7,17903 ,2267 ,1413 ,264 ,1149 
2022,583,583,583,583,Lebanon,Lebanese American University,,20.7,9.7,27.5,29.5,4.2,95.7,48.2,7829 ,1516 ,692 ,270 ,422 
2022,584,584,584,584,Hong Kong SAR,"Lingnan University, Hong Kong",,20.7,7.6,8.4,23.4,14.9,100,78.5,3375 ,983 ,274 ,166 ,108 
2022,585,585,585,585,Australia,Murdoch University,,20.6,7.9,9.2,5.5,41,77.2,68.3,12748 ,3106 ,613 ,187 ,426 
2022,586,586,586,586,Japan,Okayama University,,20.6,8,3.7,71.5,11,1.9,7.2,13116 ,813 ,1697 ,69 ,1628 
2022,587,587,587,587,Russia,Samara National Research University (Samara University),,20.5,4.2,3.8,84.9,2.7,1.6,21.1,8776 ,1068 ,1286 ,40 ,1246 
2022,588,588,588,588,Argentina,Universidad Nacional de La Plata (UNLP),,20.5,32.9,22.2,19.2,2.1,1.7,16.2,59831 ,7040 ,5519 ,189 ,5330 
2022,589,589,589,589,Canada,University of Guelph,,20.5,13.8,31.1,6.5,40.8,32.9,15.7,21405 ,2202 ,1102 ,219 ,883 
2022,590,590,590,590,United States,University of South Florida,,20.5,13.2,14.8,9.2,46.5,29.7,23.9,39907 ,5211 ,2171 ,414 ,1757 
2022,591,591,591,591,Bahrain,Applied Science University - Bahrain,,20.3,11.1,18.8,33.4,1.3,100,41.7,1918 ,341 ,178 ,141 ,37 
2022,592,592,592,592,Turkey,Bilkent University,,20.3,19.7,25.5,17.2,16.9,46.1,10.8,9676 ,790 ,770 ,177 ,593 
2022,593,593,593,593,India,Indian Institute of Technology Hyderabad,,20.2,3.7,2.2,24.9,65.8,1.1,1.5,3278 ,29 ,259 ,2 ,257 
2022,594,594,594,594,Japan,Kumamoto University,,20.2,7.4,2.6,71.6,10.8,1.9,3.8,9785 ,359 ,1267 ,50 ,1217 
2022,595,595,595,595,Taiwan,National Chengchi University,政治大學,20.1,19.4,30.2,31.4,3.1,5.9,46.6,9840 ,1866 ,917 ,88 ,829 
2022,596,596,596,596,India,Savitribai Phule Pune University,,20.1,8.5,5.8,57.8,22,1,3.2,4427 ,135 ,686 ,1 ,685 
2022,597,597,597,597,Bulgaria,"Sofia University ""St. Kliment Ohridski""",,20.1,14,15,60.6,2,1.2,11,18951 ,1564 ,2606 ,30 ,2576 
2022,598,598,598,598,Colombia,Universidad Externado de Colombia,,20,11.4,53.8,48.3,1.1,3.4,1.7,11888 ,142 ,1019 ,71 ,948 
2022,599,599,599,599,Hungary,University of Debrecen,,20,17.4,11.6,34.4,4.1,5.3,79,23712 ,6258 ,2011 ,182 ,1829 
2022,600,600,600,600,China (Mainland),University of Electronic Science and Technology of China,,20,4.2,2.4,10.2,79.3,1.5,3.1,33428 ,960 ,2032 ,54 ,1978 
